ID,Labels
0,2
1,8
2,8
3,8
4,8
5,8
6,8
7,8
8,8
9,1
10,8
11,4
12,8
13,8
14,8
15,8
16,8
17,8
18,8
19,8
20,9
21,8
22,8
23,8
24,0
25,8
26,8
27,8
28,8
29,1
30,0
31,8
32,8
33,8
34,8
35,8
36,8
37,8
38,8
39,8
40,8
41,8
42,0
43,8
44,5
45,9
46,0
47,8
48,8
49,8
50,9
51,8
52,8
53,8
54,8
55,2
56,8
57,3
58,8
59,8
60,2
61,8
62,8
63,8
64,8
65,1
66,8
67,9
68,8
69,8
70,8
71,8
72,8
73,8
74,8
75,8
76,8
77,8
78,8
79,8
80,8
81,8
82,8
83,8
84,8
85,8
86,8
87,0
88,8
89,8
90,8
91,8
92,8
93,8
94,8
95,8
96,8
97,8
98,8
99,8
100,8
101,8
102,8
103,8
104,8
105,8
106,8
107,8
108,8
109,8
110,8
111,3
112,8
113,8
114,8
115,8
116,2
117,8
118,8
119,1
120,8
121,8
122,8
123,8
124,8
125,8
126,8
127,8
128,8
129,8
130,8
131,8
132,7
133,8
134,8
135,8
136,8
137,8
138,8
139,8
140,8
141,8
142,8
143,8
144,9
145,8
146,2
147,8
148,8
149,8
150,8
151,8
152,3
153,8
154,7
155,8
156,8
157,8
158,8
159,8
160,9
161,8
162,3
163,8
164,8
165,8
166,8
167,8
168,0
169,8
170,8
171,8
172,8
173,8
174,8
175,8
176,0
177,8
178,1
179,8
180,8
181,8
182,8
183,8
184,8
185,8
186,8
187,8
188,8
189,8
190,8
191,8
192,4
193,8
194,8
195,8
196,8
197,0
198,3
199,8
200,1
201,8
202,8
203,8
204,8
205,8
206,8
207,8
208,8
209,8
210,8
211,8
212,8
213,0
214,1
215,8
216,7
217,8
218,8
219,8
220,8
221,8
222,8
223,8
224,8
225,8
226,8
227,8
228,8
229,8
230,8
231,9
232,8
233,9
234,8
235,8
236,3
237,8
238,8
239,8
240,8
241,8
242,1
243,8
244,1
245,8
246,8
247,8
248,8
249,8
250,9
251,8
252,8
253,8
254,8
255,8
256,8
257,8
258,8
259,8
260,8
261,8
262,3
263,8
264,4
265,8
266,8
267,8
268,8
269,8
270,8
271,8
272,8
273,8
274,8
275,8
276,8
277,8
278,9
279,8
280,0
281,8
282,8
283,8
284,2
285,8
286,8
287,8
288,8
289,0
290,8
291,9
292,2
293,5
294,8
295,8
296,8
297,8
298,8
299,8
300,8
301,8
302,8
303,8
304,8
305,3
306,8
307,2
308,8
309,8
310,3
311,8
312,8
313,8
314,8
315,8
316,8
317,8
318,8
319,8
320,8
321,8
322,8
323,8
324,8
325,8
326,8
327,8
328,8
329,8
330,8
331,8
332,3
333,8
334,7
335,8
336,8
337,8
338,2
339,0
340,8
341,8
342,8
343,8
344,8
345,8
346,8
347,8
348,8
349,8
350,8
351,8
352,8
353,8
354,8
355,8
356,8
357,8
358,9
359,8
360,8
361,8
362,8
363,9
364,8
365,9
366,8
367,8
368,8
369,8
370,8
371,8
372,8
373,8
374,8
375,3
376,8
377,8
378,8
379,8
380,0
381,8
382,8
383,8
384,8
385,8
386,8
387,8
388,8
389,0
390,8
391,8
392,8
393,1
394,8
395,8
396,8
397,8
398,8
399,8
400,8
401,8
402,8
403,8
404,9
405,8
406,9
407,8
408,8
409,8
410,8
411,2
412,8
413,8
414,8
415,8
416,8
417,8
418,8
419,8
420,8
421,8
422,8
423,8
424,8
425,8
426,8
427,9
428,8
429,8
430,8
431,9
432,8
433,8
434,8
435,8
436,1
437,8
438,8
439,8
440,3
441,8
442,8
443,8
444,8
445,8
446,8
447,1
448,8
449,8
450,8
451,8
452,8
453,8
454,8
455,0
456,8
457,8
458,6
459,8
460,8
461,8
462,8
463,8
464,8
465,4
466,8
467,8
468,8
469,8
470,8
471,8
472,9
473,0
474,2
475,8
476,8
477,8
478,8
479,8
480,8
481,8
482,0
483,8
484,8
485,8
486,8
487,0
488,8
489,0
490,8
491,8
492,3
493,8
494,8
495,8
496,8
497,8
498,3
499,8
500,8
501,8
502,2
503,2
504,8
505,8
506,8
507,0
508,8
509,8
510,8
511,8
512,8
513,9
514,8
515,8
516,8
517,9
518,8
519,8
520,2
521,8
522,8
523,8
524,8
525,8
526,8
527,8
528,8
529,8
530,8
531,8
532,8
533,8
534,8
535,8
536,8
537,8
538,8
539,8
540,8
541,8
542,9
543,8
544,8
545,8
546,8
547,2
548,8
549,8
550,8
551,8
552,8
553,8
554,8
555,9
556,8
557,8
558,8
559,8
560,8
561,8
562,8
563,8
564,8
565,8
566,8
567,8
568,8
569,8
570,8
571,8
572,8
573,8
574,8
575,8
576,8
577,9
578,8
579,8
580,8
581,8
582,8
583,8
584,8
585,8
586,8
587,8
588,8
589,8
590,8
591,8
592,8
593,8
594,8
595,8
596,8
597,9
598,8
599,8
600,8
601,8
602,0
603,8
604,8
605,3
606,8
607,8
608,8
609,8
610,8
611,8
612,8
613,8
614,8
615,8
616,8
617,8
618,8
619,8
620,8
621,9
622,9
623,8
624,8
625,8
626,8
627,0
628,8
629,8
630,0
631,8
632,8
633,8
634,8
635,8
636,8
637,9
638,8
639,4
640,8
641,8
642,8
643,8
644,0
645,8
646,8
647,8
648,9
649,8
650,8
651,8
652,8
653,8
654,8
655,8
656,8
657,1
658,8
659,8
660,8
661,8
662,8
663,8
664,8
665,8
666,8
667,8
668,8
669,8
670,8
671,8
672,8
673,8
674,8
675,8
676,0
677,8
678,9
679,8
680,8
681,8
682,8
683,8
684,8
685,8
686,9
687,9
688,8
689,8
690,8
691,8
692,4
693,8
694,8
695,8
696,8
697,8
698,8
699,8
700,8
701,8
702,8
703,8
704,8
705,9
706,8
707,8
708,8
709,8
710,8
711,9
712,8
713,8
714,8
715,8
716,8
717,8
718,8
719,8
720,8
721,8
722,8
723,8
724,8
725,8
726,3
727,8
728,8
729,8
730,8
731,8
732,0
733,8
734,9
735,8
736,8
737,3
738,3
739,8
740,8
741,8
742,8
743,8
744,8
745,8
746,8
747,8
748,8
749,8
750,8
751,8
752,8
753,8
754,8
755,8
756,8
757,8
758,8
759,8
760,8
761,8
762,8
763,2
764,8
765,8
766,8
767,8
768,8
769,8
770,8
771,8
772,8
773,4
774,8
775,8
776,8
777,8
778,9
779,8
780,8
781,3
782,8
783,8
784,8
785,8
786,8
787,8
788,8
789,8
790,8
791,8
792,8
793,8
794,8
795,8
796,8
797,8
798,5
799,8
800,9
801,3
802,8
803,8
804,9
805,8
806,8
807,8
808,8
809,8
810,9
811,8
812,8
813,8
814,8
815,3
816,8
817,8
818,8
819,8
820,8
821,8
822,8
823,8
824,8
825,8
826,8
827,8
828,8
829,8
830,0
831,0
832,8
833,8
834,8
835,8
836,8
837,8
838,9
839,8
840,2
841,8
842,8
843,8
844,8
845,8
846,0
847,8
848,8
849,8
850,8
851,8
852,8
853,8
854,8
855,8
856,8
857,8
858,8
859,8
860,8
861,2
862,8
863,4
864,8
865,8
866,8
867,8
868,8
869,8
870,8
871,8
872,8
873,2
874,8
875,8
876,8
877,8
878,8
879,5
880,8
881,8
882,8
883,8
884,8
885,8
886,8
887,8
888,8
889,8
890,8
891,8
892,8
893,8
894,8
895,3
896,8
897,8
898,8
899,3
900,8
901,8
902,8
903,8
904,8
905,8
906,8
907,8
908,8
909,0
910,0
911,8
912,8
913,2
914,8
915,8
916,8
917,8
918,8
919,8
920,8
921,8
922,8
923,0
924,8
925,8
926,8
927,8
928,8
929,8
930,8
931,9
932,8
933,8
934,8
935,8
936,8
937,8
938,8
939,8
940,8
941,8
942,9
943,8
944,8
945,8
946,8
947,8
948,8
949,8
950,8
951,8
952,8
953,8
954,9
955,8
956,8
957,8
958,8
959,0
960,8
961,8
962,8
963,8
964,8
965,8
966,0
967,8
968,8
969,8
970,8
971,8
972,8
973,8
974,8
975,8
976,8
977,8
978,8
979,8
980,8
981,8
982,8
983,8
984,8
985,8
986,8
987,8
988,8
989,8
990,8
991,0
992,8
993,8
994,8
995,8
996,8
997,8
998,8
999,8
1000,4
1001,2
1002,2
1003,2
1004,6
1005,2
1006,2
1007,2
1008,3
1009,2
1010,2
1011,2
1012,3
1013,2
1014,2
1015,7
1016,2
1017,2
1018,0
1019,2
1020,5
1021,4
1022,2
1023,2
1024,5
1025,2
1026,2
1027,2
1028,2
1029,7
1030,2
1031,2
1032,4
1033,2
1034,2
1035,2
1036,5
1037,2
1038,0
1039,2
1040,2
1041,2
1042,2
1043,3
1044,2
1045,4
1046,6
1047,3
1048,7
1049,4
1050,0
1051,3
1052,0
1053,2
1054,1
1055,2
1056,4
1057,2
1058,2
1059,2
1060,2
1061,5
1062,2
1063,2
1064,9
1065,2
1066,3
1067,2
1068,0
1069,2
1070,3
1071,2
1072,3
1073,2
1074,2
1075,2
1076,2
1077,6
1078,2
1079,7
1080,4
1081,4
1082,2
1083,7
1084,2
1085,3
1086,2
1087,2
1088,2
1089,2
1090,2
1091,2
1092,2
1093,2
1094,2
1095,3
1096,2
1097,2
1098,4
1099,3
1100,2
1101,2
1102,2
1103,2
1104,2
1105,2
1106,2
1107,2
1108,3
1109,2
1110,2
1111,8
1112,3
1113,2
1114,2
1115,2
1116,2
1117,8
1118,8
1119,2
1120,2
1121,2
1122,5
1123,2
1124,4
1125,2
1126,4
1127,2
1128,2
1129,6
1130,2
1131,2
1132,7
1133,2
1134,7
1135,3
1136,3
1137,2
1138,2
1139,2
1140,7
1141,6
1142,6
1143,2
1144,4
1145,4
1146,2
1147,2
1148,2
1149,2
1150,2
1151,7
1152,2
1153,2
1154,7
1155,2
1156,2
1157,4
1158,2
1159,2
1160,2
1161,2
1162,2
1163,2
1164,2
1165,2
1166,2
1167,2
1168,2
1169,3
1170,2
1171,2
1172,2
1173,6
1174,4
1175,4
1176,2
1177,0
1178,2
1179,8
1180,3
1181,2
1182,2
1183,2
1184,4
1185,6
1186,2
1187,2
1188,2
1189,2
1190,7
1191,2
1192,2
1193,7
1194,2
1195,2
1196,2
1197,5
1198,2
1199,4
1200,3
1201,4
1202,2
1203,8
1204,2
1205,2
1206,2
1207,7
1208,2
1209,7
1210,2
1211,2
1212,2
1213,2
1214,6
1215,2
1216,2
1217,0
1218,2
1219,8
1220,5
1221,2
1222,2
1223,2
1224,3
1225,2
1226,2
1227,0
1228,2
1229,9
1230,2
1231,4
1232,2
1233,6
1234,2
1235,2
1236,2
1237,2
1238,2
1239,2
1240,4
1241,6
1242,2
1243,2
1244,2
1245,2
1246,0
1247,4
1248,2
1249,5
1250,2
1251,4
1252,6
1253,2
1254,2
1255,4
1256,2
1257,7
1258,2
1259,2
1260,5
1261,2
1262,2
1263,2
1264,2
1265,2
1266,2
1267,2
1268,2
1269,2
1270,2
1271,2
1272,2
1273,2
1274,2
1275,3
1276,4
1277,7
1278,2
1279,4
1280,0
1281,2
1282,2
1283,2
1284,2
1285,3
1286,2
1287,2
1288,6
1289,0
1290,2
1291,2
1292,5
1293,6
1294,2
1295,4
1296,7
1297,2
1298,2
1299,2
1300,2
1301,2
1302,2
1303,2
1304,7
1305,2
1306,4
1307,2
1308,2
1309,5
1310,2
1311,2
1312,2
1313,2
1314,5
1315,4
1316,6
1317,2
1318,2
1319,2
1320,2
1321,2
1322,2
1323,2
1324,2
1325,4
1326,2
1327,0
1328,3
1329,2
1330,2
1331,2
1332,2
1333,2
1334,4
1335,2
1336,2
1337,3
1338,2
1339,2
1340,2
1341,7
1342,2
1343,2
1344,2
1345,2
1346,6
1347,2
1348,8
1349,9
1350,2
1351,2
1352,2
1353,2
1354,8
1355,1
1356,2
1357,5
1358,0
1359,2
1360,4
1361,2
1362,2
1363,2
1364,4
1365,2
1366,2
1367,2
1368,2
1369,2
1370,2
1371,2
1372,4
1373,2
1374,2
1375,4
1376,7
1377,2
1378,2
1379,3
1380,4
1381,5
1382,4
1383,5
1384,2
1385,2
1386,2
1387,3
1388,5
1389,4
1390,6
1391,2
1392,2
1393,3
1394,7
1395,6
1396,7
1397,2
1398,9
1399,2
1400,0
1401,2
1402,2
1403,2
1404,2
1405,2
1406,2
1407,2
1408,2
1409,2
1410,9
1411,2
1412,0
1413,2
1414,5
1415,2
1416,5
1417,2
1418,2
1419,3
1420,2
1421,2
1422,0
1423,2
1424,7
1425,2
1426,2
1427,2
1428,2
1429,2
1430,7
1431,4
1432,5
1433,4
1434,4
1435,2
1436,2
1437,2
1438,4
1439,2
1440,6
1441,4
1442,0
1443,2
1444,2
1445,3
1446,0
1447,2
1448,3
1449,2
1450,3
1451,3
1452,2
1453,2
1454,2
1455,2
1456,2
1457,2
1458,2
1459,7
1460,2
1461,6
1462,2
1463,2
1464,2
1465,2
1466,3
1467,2
1468,2
1469,2
1470,2
1471,4
1472,2
1473,4
1474,2
1475,2
1476,2
1477,6
1478,2
1479,7
1480,2
1481,4
1482,2
1483,2
1484,2
1485,3
1486,2
1487,2
1488,2
1489,2
1490,5
1491,4
1492,2
1493,2
1494,2
1495,2
1496,2
1497,2
1498,2
1499,8
1500,5
1501,2
1502,2
1503,8
1504,0
1505,2
1506,2
1507,2
1508,7
1509,2
1510,2
1511,2
1512,4
1513,2
1514,2
1515,2
1516,2
1517,3
1518,4
1519,3
1520,2
1521,7
1522,2
1523,2
1524,2
1525,2
1526,2
1527,2
1528,2
1529,2
1530,2
1531,2
1532,2
1533,2
1534,2
1535,2
1536,5
1537,2
1538,4
1539,2
1540,2
1541,1
1542,2
1543,2
1544,2
1545,2
1546,5
1547,2
1548,2
1549,2
1550,2
1551,2
1552,2
1553,2
1554,2
1555,2
1556,2
1557,2
1558,2
1559,2
1560,2
1561,2
1562,2
1563,2
1564,2
1565,2
1566,2
1567,2
1568,3
1569,7
1570,2
1571,2
1572,2
1573,0
1574,2
1575,2
1576,0
1577,2
1578,2
1579,2
1580,6
1581,6
1582,4
1583,2
1584,2
1585,2
1586,4
1587,2
1588,2
1589,0
1590,2
1591,2
1592,2
1593,0
1594,2
1595,2
1596,0
1597,2
1598,2
1599,2
1600,2
1601,3
1602,2
1603,3
1604,2
1605,2
1606,5
1607,2
1608,0
1609,2
1610,2
1611,6
1612,5
1613,2
1614,2
1615,2
1616,6
1617,2
1618,2
1619,3
1620,3
1621,6
1622,7
1623,2
1624,2
1625,2
1626,2
1627,2
1628,4
1629,2
1630,2
1631,4
1632,2
1633,2
1634,2
1635,7
1636,2
1637,5
1638,2
1639,2
1640,2
1641,7
1642,0
1643,0
1644,4
1645,4
1646,2
1647,6
1648,4
1649,2
1650,2
1651,8
1652,2
1653,3
1654,2
1655,5
1656,2
1657,7
1658,2
1659,7
1660,0
1661,5
1662,2
1663,2
1664,5
1665,2
1666,2
1667,7
1668,3
1669,3
1670,2
1671,2
1672,2
1673,0
1674,4
1675,2
1676,2
1677,7
1678,2
1679,2
1680,8
1681,5
1682,4
1683,3
1684,5
1685,2
1686,2
1687,2
1688,2
1689,2
1690,2
1691,2
1692,4
1693,2
1694,5
1695,2
1696,6
1697,2
1698,2
1699,2
1700,2
1701,2
1702,2
1703,2
1704,2
1705,5
1706,2
1707,2
1708,2
1709,2
1710,4
1711,2
1712,5
1713,2
1714,2
1715,8
1716,2
1717,3
1718,2
1719,2
1720,4
1721,2
1722,4
1723,2
1724,7
1725,2
1726,2
1727,6
1728,2
1729,2
1730,0
1731,0
1732,6
1733,2
1734,6
1735,2
1736,2
1737,6
1738,2
1739,2
1740,6
1741,2
1742,2
1743,9
1744,2
1745,2
1746,4
1747,2
1748,5
1749,2
1750,2
1751,2
1752,6
1753,2
1754,4
1755,2
1756,4
1757,4
1758,2
1759,2
1760,5
1761,1
1762,6
1763,2
1764,3
1765,2
1766,3
1767,6
1768,2
1769,3
1770,2
1771,2
1772,2
1773,2
1774,5
1775,6
1776,2
1777,3
1778,0
1779,2
1780,2
1781,4
1782,0
1783,6
1784,6
1785,2
1786,2
1787,2
1788,4
1789,9
1790,4
1791,2
1792,2
1793,6
1794,2
1795,2
1796,6
1797,2
1798,0
1799,2
1800,2
1801,0
1802,4
1803,5
1804,2
1805,0
1806,5
1807,2
1808,0
1809,4
1810,2
1811,2
1812,2
1813,2
1814,2
1815,0
1816,2
1817,2
1818,2
1819,2
1820,2
1821,2
1822,2
1823,6
1824,2
1825,2
1826,2
1827,2
1828,5
1829,6
1830,4
1831,2
1832,7
1833,0
1834,6
1835,2
1836,2
1837,0
1838,2
1839,2
1840,2
1841,2
1842,2
1843,5
1844,2
1845,2
1846,2
1847,2
1848,2
1849,6
1850,2
1851,2
1852,3
1853,0
1854,6
1855,2
1856,2
1857,2
1858,2
1859,0
1860,2
1861,2
1862,2
1863,0
1864,2
1865,2
1866,2
1867,2
1868,2
1869,3
1870,6
1871,3
1872,4
1873,2
1874,2
1875,9
1876,5
1877,2
1878,2
1879,3
1880,2
1881,2
1882,2
1883,2
1884,2
1885,2
1886,2
1887,2
1888,2
1889,2
1890,2
1891,2
1892,5
1893,6
1894,0
1895,2
1896,2
1897,7
1898,2
1899,2
1900,2
1901,6
1902,2
1903,5
1904,2
1905,2
1906,2
1907,2
1908,2
1909,0
1910,4
1911,2
1912,2
1913,2
1914,1
1915,2
1916,3
1917,2
1918,9
1919,0
1920,2
1921,3
1922,6
1923,2
1924,2
1925,4
1926,2
1927,2
1928,2
1929,2
1930,4
1931,2
1932,6
1933,3
1934,2
1935,2
1936,2
1937,2
1938,2
1939,6
1940,2
1941,5
1942,2
1943,2
1944,3
1945,2
1946,3
1947,6
1948,2
1949,6
1950,2
1951,7
1952,2
1953,2
1954,9
1955,2
1956,2
1957,4
1958,0
1959,0
1960,2
1961,2
1962,2
1963,2
1964,2
1965,5
1966,3
1967,2
1968,2
1969,2
1970,2
1971,2
1972,6
1973,2
1974,2
1975,6
1976,2
1977,5
1978,2
1979,6
1980,2
1981,2
1982,3
1983,2
1984,2
1985,4
1986,0
1987,2
1988,2
1989,2
1990,4
1991,2
1992,2
1993,2
1994,4
1995,5
1996,2
1997,2
1998,2
1999,0
2000,9
2001,1
2002,1
2003,9
2004,1
2005,9
2006,9
2007,9
2008,9
2009,9
2010,9
2011,1
2012,9
2013,1
2014,9
2015,9
2016,9
2017,9
2018,9
2019,0
2020,9
2021,9
2022,9
2023,9
2024,1
2025,9
2026,9
2027,9
2028,1
2029,9
2030,8
2031,9
2032,9
2033,1
2034,5
2035,9
2036,9
2037,9
2038,9
2039,9
2040,9
2041,9
2042,9
2043,9
2044,1
2045,8
2046,1
2047,1
2048,9
2049,9
2050,9
2051,9
2052,9
2053,9
2054,9
2055,9
2056,9
2057,9
2058,8
2059,9
2060,9
2061,9
2062,9
2063,3
2064,1
2065,9
2066,9
2067,9
2068,1
2069,9
2070,1
2071,9
2072,9
2073,1
2074,1
2075,9
2076,9
2077,1
2078,0
2079,1
2080,9
2081,9
2082,9
2083,9
2084,9
2085,1
2086,9
2087,9
2088,9
2089,0
2090,1
2091,9
2092,9
2093,9
2094,9
2095,6
2096,9
2097,9
2098,9
2099,9
2100,9
2101,9
2102,9
2103,1
2104,1
2105,9
2106,9
2107,1
2108,1
2109,9
2110,9
2111,1
2112,8
2113,0
2114,9
2115,9
2116,1
2117,9
2118,9
2119,9
2120,1
2121,9
2122,9
2123,9
2124,1
2125,9
2126,9
2127,9
2128,9
2129,9
2130,9
2131,9
2132,9
2133,9
2134,9
2135,9
2136,9
2137,9
2138,9
2139,9
2140,9
2141,9
2142,9
2143,9
2144,9
2145,9
2146,9
2147,9
2148,9
2149,9
2150,9
2151,9
2152,9
2153,1
2154,9
2155,9
2156,3
2157,9
2158,9
2159,9
2160,9
2161,9
2162,1
2163,9
2164,9
2165,1
2166,9
2167,9
2168,1
2169,9
2170,9
2171,9
2172,1
2173,1
2174,9
2175,9
2176,9
2177,1
2178,9
2179,9
2180,9
2181,9
2182,9
2183,1
2184,1
2185,9
2186,9
2187,1
2188,9
2189,9
2190,1
2191,9
2192,9
2193,1
2194,9
2195,9
2196,9
2197,9
2198,9
2199,9
2200,9
2201,9
2202,9
2203,9
2204,9
2205,2
2206,5
2207,9
2208,9
2209,9
2210,9
2211,9
2212,9
2213,9
2214,9
2215,9
2216,9
2217,9
2218,9
2219,1
2220,9
2221,9
2222,9
2223,9
2224,9
2225,9
2226,9
2227,9
2228,1
2229,9
2230,9
2231,9
2232,5
2233,1
2234,9
2235,7
2236,9
2237,9
2238,1
2239,9
2240,1
2241,9
2242,9
2243,1
2244,1
2245,1
2246,9
2247,9
2248,9
2249,9
2250,9
2251,1
2252,9
2253,9
2254,9
2255,9
2256,9
2257,9
2258,9
2259,1
2260,9
2261,0
2262,9
2263,9
2264,9
2265,9
2266,9
2267,8
2268,9
2269,9
2270,1
2271,9
2272,1
2273,1
2274,1
2275,9
2276,9
2277,9
2278,9
2279,9
2280,1
2281,1
2282,9
2283,0
2284,9
2285,9
2286,9
2287,1
2288,1
2289,9
2290,8
2291,9
2292,1
2293,9
2294,9
2295,9
2296,9
2297,9
2298,1
2299,1
2300,1
2301,9
2302,9
2303,9
2304,9
2305,1
2306,1
2307,9
2308,9
2309,9
2310,9
2311,9
2312,1
2313,9
2314,9
2315,9
2316,9
2317,9
2318,1
2319,9
2320,9
2321,9
2322,9
2323,1
2324,9
2325,9
2326,1
2327,9
2328,9
2329,9
2330,9
2331,9
2332,9
2333,0
2334,9
2335,9
2336,9
2337,9
2338,9
2339,3
2340,9
2341,9
2342,9
2343,1
2344,1
2345,9
2346,9
2347,9
2348,9
2349,1
2350,9
2351,9
2352,9
2353,9
2354,9
2355,9
2356,9
2357,9
2358,9
2359,8
2360,9
2361,9
2362,1
2363,9
2364,1
2365,9
2366,9
2367,1
2368,9
2369,9
2370,9
2371,9
2372,1
2373,9
2374,6
2375,9
2376,9
2377,1
2378,9
2379,9
2380,9
2381,9
2382,1
2383,9
2384,9
2385,1
2386,9
2387,9
2388,1
2389,9
2390,9
2391,2
2392,9
2393,9
2394,9
2395,9
2396,9
2397,1
2398,9
2399,9
2400,9
2401,9
2402,9
2403,9
2404,9
2405,9
2406,9
2407,9
2408,9
2409,9
2410,1
2411,9
2412,0
2413,9
2414,9
2415,5
2416,9
2417,6
2418,9
2419,9
2420,9
2421,9
2422,9
2423,9
2424,9
2425,9
2426,1
2427,9
2428,9
2429,9
2430,9
2431,9
2432,9
2433,9
2434,9
2435,9
2436,9
2437,9
2438,9
2439,9
2440,9
2441,9
2442,9
2443,9
2444,1
2445,9
2446,9
2447,9
2448,9
2449,9
2450,9
2451,1
2452,1
2453,9
2454,1
2455,9
2456,9
2457,9
2458,9
2459,9
2460,9
2461,9
2462,1
2463,9
2464,1
2465,9
2466,1
2467,9
2468,9
2469,9
2470,9
2471,1
2472,9
2473,3
2474,9
2475,1
2476,9
2477,1
2478,9
2479,9
2480,1
2481,1
2482,1
2483,9
2484,9
2485,9
2486,9
2487,8
2488,9
2489,9
2490,9
2491,9
2492,9
2493,9
2494,3
2495,9
2496,9
2497,9
2498,9
2499,9
2500,9
2501,9
2502,9
2503,1
2504,9
2505,9
2506,9
2507,9
2508,5
2509,7
2510,9
2511,9
2512,9
2513,9
2514,9
2515,9
2516,9
2517,9
2518,9
2519,9
2520,9
2521,9
2522,9
2523,1
2524,9
2525,9
2526,9
2527,9
2528,9
2529,9
2530,9
2531,9
2532,9
2533,8
2534,1
2535,9
2536,9
2537,9
2538,9
2539,1
2540,9
2541,9
2542,9
2543,0
2544,9
2545,9
2546,9
2547,5
2548,1
2549,9
2550,1
2551,9
2552,9
2553,9
2554,1
2555,9
2556,1
2557,9
2558,1
2559,9
2560,9
2561,9
2562,9
2563,9
2564,9
2565,9
2566,1
2567,9
2568,9
2569,9
2570,1
2571,1
2572,9
2573,9
2574,9
2575,9
2576,9
2577,9
2578,9
2579,1
2580,9
2581,1
2582,9
2583,9
2584,9
2585,9
2586,9
2587,1
2588,9
2589,9
2590,9
2591,1
2592,9
2593,9
2594,9
2595,9
2596,1
2597,1
2598,1
2599,2
2600,1
2601,9
2602,9
2603,3
2604,9
2605,9
2606,9
2607,9
2608,9
2609,9
2610,1
2611,9
2612,1
2613,9
2614,9
2615,1
2616,1
2617,9
2618,9
2619,9
2620,9
2621,9
2622,9
2623,9
2624,9
2625,1
2626,9
2627,1
2628,1
2629,9
2630,1
2631,0
2632,9
2633,1
2634,1
2635,9
2636,9
2637,9
2638,9
2639,9
2640,9
2641,9
2642,9
2643,1
2644,1
2645,9
2646,9
2647,9
2648,9
2649,1
2650,9
2651,9
2652,9
2653,9
2654,9
2655,1
2656,9
2657,9
2658,8
2659,9
2660,9
2661,1
2662,9
2663,1
2664,0
2665,1
2666,1
2667,1
2668,9
2669,1
2670,0
2671,9
2672,9
2673,1
2674,9
2675,9
2676,9
2677,9
2678,9
2679,9
2680,1
2681,9
2682,9
2683,9
2684,9
2685,0
2686,9
2687,9
2688,9
2689,1
2690,9
2691,9
2692,9
2693,1
2694,9
2695,1
2696,9
2697,9
2698,9
2699,1
2700,9
2701,9
2702,8
2703,9
2704,9
2705,9
2706,9
2707,9
2708,9
2709,1
2710,9
2711,9
2712,9
2713,1
2714,1
2715,9
2716,9
2717,9
2718,9
2719,1
2720,9
2721,1
2722,9
2723,9
2724,1
2725,9
2726,1
2727,9
2728,9
2729,9
2730,9
2731,7
2732,1
2733,9
2734,9
2735,9
2736,9
2737,9
2738,9
2739,9
2740,9
2741,9
2742,9
2743,9
2744,9
2745,9
2746,9
2747,9
2748,9
2749,9
2750,1
2751,9
2752,9
2753,1
2754,9
2755,9
2756,9
2757,1
2758,9
2759,9
2760,1
2761,9
2762,9
2763,9
2764,1
2765,1
2766,1
2767,9
2768,1
2769,9
2770,1
2771,1
2772,9
2773,9
2774,9
2775,9
2776,9
2777,9
2778,1
2779,9
2780,9
2781,9
2782,9
2783,9
2784,9
2785,9
2786,9
2787,9
2788,9
2789,9
2790,1
2791,9
2792,9
2793,1
2794,9
2795,1
2796,9
2797,9
2798,9
2799,9
2800,9
2801,9
2802,9
2803,9
2804,9
2805,9
2806,9
2807,1
2808,9
2809,9
2810,1
2811,9
2812,1
2813,8
2814,9
2815,9
2816,9
2817,9
2818,9
2819,9
2820,9
2821,1
2822,1
2823,1
2824,1
2825,1
2826,9
2827,9
2828,9
2829,8
2830,9
2831,9
2832,4
2833,9
2834,2
2835,9
2836,9
2837,1
2838,9
2839,9
2840,9
2841,9
2842,9
2843,9
2844,9
2845,1
2846,1
2847,9
2848,8
2849,9
2850,9
2851,0
2852,9
2853,1
2854,1
2855,9
2856,5
2857,9
2858,9
2859,8
2860,1
2861,9
2862,9
2863,8
2864,9
2865,9
2866,9
2867,8
2868,9
2869,9
2870,9
2871,9
2872,9
2873,9
2874,1
2875,9
2876,3
2877,9
2878,9
2879,3
2880,9
2881,9
2882,1
2883,9
2884,5
2885,9
2886,9
2887,9
2888,9
2889,9
2890,9
2891,1
2892,9
2893,9
2894,9
2895,9
2896,9
2897,9
2898,9
2899,9
2900,9
2901,9
2902,5
2903,1
2904,9
2905,9
2906,9
2907,9
2908,9
2909,9
2910,1
2911,9
2912,9
2913,1
2914,1
2915,9
2916,8
2917,9
2918,9
2919,3
2920,9
2921,9
2922,0
2923,1
2924,9
2925,9
2926,1
2927,9
2928,9
2929,9
2930,9
2931,9
2932,9
2933,9
2934,9
2935,1
2936,9
2937,1
2938,9
2939,9
2940,9
2941,3
2942,1
2943,9
2944,9
2945,9
2946,9
2947,1
2948,7
2949,9
2950,9
2951,9
2952,9
2953,9
2954,9
2955,9
2956,0
2957,1
2958,9
2959,8
2960,1
2961,9
2962,9
2963,9
2964,0
2965,1
2966,9
2967,1
2968,9
2969,1
2970,9
2971,9
2972,9
2973,1
2974,9
2975,9
2976,9
2977,9
2978,9
2979,9
2980,9
2981,9
2982,9
2983,9
2984,9
2985,9
2986,9
2987,1
2988,9
2989,9
2990,9
2991,9
2992,9
2993,9
2994,9
2995,9
2996,9
2997,9
2998,9
2999,1
3000,0
3001,8
3002,0
3003,0
3004,0
3005,0
3006,3
3007,3
3008,0
3009,8
3010,0
3011,9
3012,8
3013,0
3014,0
3015,0
3016,0
3017,7
3018,0
3019,0
3020,0
3021,0
3022,0
3023,0
3024,0
3025,0
3026,0
3027,2
3028,0
3029,5
3030,0
3031,0
3032,2
3033,0
3034,0
3035,0
3036,0
3037,0
3038,0
3039,0
3040,0
3041,0
3042,0
3043,0
3044,0
3045,0
3046,9
3047,0
3048,0
3049,0
3050,0
3051,0
3052,8
3053,0
3054,7
3055,0
3056,0
3057,0
3058,0
3059,0
3060,0
3061,8
3062,0
3063,0
3064,0
3065,0
3066,0
3067,2
3068,0
3069,8
3070,0
3071,0
3072,0
3073,0
3074,3
3075,8
3076,0
3077,0
3078,9
3079,2
3080,0
3081,0
3082,0
3083,0
3084,5
3085,4
3086,8
3087,4
3088,0
3089,0
3090,8
3091,8
3092,4
3093,8
3094,2
3095,0
3096,1
3097,3
3098,0
3099,0
3100,9
3101,0
3102,8
3103,0
3104,0
3105,0
3106,0
3107,0
3108,3
3109,0
3110,8
3111,0
3112,0
3113,0
3114,0
3115,8
3116,0
3117,0
3118,0
3119,0
3120,0
3121,9
3122,4
3123,0
3124,0
3125,0
3126,2
3127,0
3128,0
3129,8
3130,0
3131,0
3132,8
3133,0
3134,0
3135,0
3136,0
3137,0
3138,5
3139,0
3140,8
3141,0
3142,0
3143,0
3144,0
3145,1
3146,1
3147,7
3148,8
3149,9
3150,0
3151,0
3152,9
3153,0
3154,9
3155,5
3156,0
3157,7
3158,7
3159,0
3160,1
3161,0
3162,0
3163,0
3164,0
3165,0
3166,0
3167,0
3168,0
3169,0
3170,0
3171,0
3172,0
3173,5
3174,0
3175,0
3176,0
3177,0
3178,0
3179,9
3180,0
3181,0
3182,2
3183,8
3184,8
3185,8
3186,0
3187,0
3188,0
3189,9
3190,0
3191,0
3192,8
3193,0
3194,0
3195,0
3196,1
3197,8
3198,0
3199,0
3200,6
3201,3
3202,0
3203,0
3204,0
3205,9
3206,0
3207,0
3208,1
3209,0
3210,9
3211,1
3212,0
3213,9
3214,6
3215,0
3216,0
3217,8
3218,3
3219,2
3220,0
3221,9
3222,0
3223,0
3224,0
3225,0
3226,0
3227,4
3228,8
3229,7
3230,0
3231,2
3232,0
3233,0
3234,0
3235,1
3236,0
3237,0
3238,0
3239,9
3240,0
3241,9
3242,0
3243,9
3244,8
3245,3
3246,9
3247,0
3248,0
3249,8
3250,0
3251,0
3252,9
3253,0
3254,0
3255,0
3256,8
3257,0
3258,0
3259,0
3260,7
3261,3
3262,0
3263,0
3264,9
3265,3
3266,0
3267,8
3268,0
3269,8
3270,0
3271,0
3272,8
3273,0
3274,0
3275,0
3276,0
3277,8
3278,2
3279,8
3280,0
3281,0
3282,4
3283,0
3284,2
3285,9
3286,9
3287,0
3288,0
3289,8
3290,1
3291,0
3292,5
3293,8
3294,0
3295,0
3296,0
3297,4
3298,8
3299,8
3300,3
3301,0
3302,0
3303,0
3304,5
3305,5
3306,0
3307,0
3308,0
3309,0
3310,0
3311,0
3312,0
3313,2
3314,9
3315,7
3316,0
3317,0
3318,9
3319,8
3320,0
3321,0
3322,0
3323,9
3324,0
3325,0
3326,8
3327,9
3328,0
3329,8
3330,8
3331,1
3332,5
3333,0
3334,0
3335,0
3336,0
3337,0
3338,0
3339,2
3340,6
3341,8
3342,0
3343,0
3344,7
3345,0
3346,8
3347,9
3348,0
3349,0
3350,0
3351,0
3352,0
3353,0
3354,7
3355,0
3356,4
3357,0
3358,0
3359,8
3360,0
3361,9
3362,7
3363,0
3364,0
3365,0
3366,0
3367,0
3368,9
3369,0
3370,0
3371,2
3372,0
3373,0
3374,0
3375,0
3376,8
3377,0
3378,0
3379,0
3380,3
3381,0
3382,0
3383,0
3384,0
3385,0
3386,0
3387,3
3388,0
3389,0
3390,3
3391,0
3392,2
3393,0
3394,0
3395,0
3396,2
3397,0
3398,0
3399,3
3400,8
3401,0
3402,8
3403,8
3404,0
3405,8
3406,0
3407,0
3408,0
3409,0
3410,0
3411,0
3412,0
3413,0
3414,0
3415,0
3416,0
3417,3
3418,8
3419,8
3420,2
3421,0
3422,8
3423,0
3424,8
3425,9
3426,0
3427,0
3428,2
3429,0
3430,8
3431,0
3432,9
3433,0
3434,9
3435,0
3436,0
3437,0
3438,0
3439,0
3440,3
3441,0
3442,0
3443,0
3444,3
3445,0
3446,0
3447,8
3448,8
3449,0
3450,0
3451,0
3452,0
3453,8
3454,0
3455,5
3456,2
3457,0
3458,0
3459,3
3460,0
3461,9
3462,0
3463,0
3464,0
3465,5
3466,0
3467,8
3468,9
3469,0
3470,8
3471,0
3472,0
3473,0
3474,0
3475,0
3476,0
3477,0
3478,7
3479,0
3480,0
3481,2
3482,0
3483,0
3484,0
3485,7
3486,0
3487,0
3488,3
3489,0
3490,3
3491,0
3492,0
3493,0
3494,0
3495,0
3496,9
3497,0
3498,8
3499,8
3500,0
3501,5
3502,9
3503,0
3504,2
3505,0
3506,0
3507,0
3508,0
3509,0
3510,0
3511,1
3512,0
3513,8
3514,8
3515,4
3516,0
3517,7
3518,8
3519,0
3520,0
3521,0
3522,3
3523,7
3524,1
3525,0
3526,0
3527,0
3528,0
3529,0
3530,0
3531,8
3532,0
3533,0
3534,3
3535,0
3536,8
3537,0
3538,0
3539,0
3540,0
3541,0
3542,2
3543,8
3544,0
3545,3
3546,3
3547,8
3548,0
3549,9
3550,0
3551,3
3552,8
3553,9
3554,8
3555,9
3556,1
3557,0
3558,7
3559,8
3560,8
3561,9
3562,0
3563,0
3564,0
3565,0
3566,5
3567,0
3568,9
3569,0
3570,7
3571,0
3572,0
3573,0
3574,0
3575,9
3576,0
3577,0
3578,2
3579,9
3580,0
3581,3
3582,0
3583,9
3584,0
3585,0
3586,7
3587,0
3588,8
3589,0
3590,0
3591,0
3592,0
3593,8
3594,9
3595,7
3596,8
3597,0
3598,0
3599,0
3600,0
3601,0
3602,2
3603,0
3604,0
3605,0
3606,0
3607,8
3608,0
3609,0
3610,2
3611,0
3612,0
3613,0
3614,2
3615,1
3616,8
3617,2
3618,3
3619,0
3620,0
3621,0
3622,8
3623,3
3624,2
3625,0
3626,8
3627,8
3628,0
3629,3
3630,9
3631,0
3632,8
3633,0
3634,0
3635,0
3636,0
3637,0
3638,0
3639,5
3640,8
3641,0
3642,3
3643,8
3644,0
3645,1
3646,0
3647,0
3648,8
3649,1
3650,0
3651,8
3652,0
3653,2
3654,0
3655,9
3656,5
3657,1
3658,9
3659,7
3660,0
3661,8
3662,0
3663,8
3664,7
3665,0
3666,7
3667,7
3668,2
3669,0
3670,9
3671,3
3672,0
3673,8
3674,7
3675,0
3676,7
3677,0
3678,0
3679,7
3680,0
3681,9
3682,0
3683,0
3684,0
3685,0
3686,0
3687,5
3688,7
3689,8
3690,0
3691,8
3692,8
3693,8
3694,8
3695,0
3696,0
3697,8
3698,0
3699,0
3700,0
3701,0
3702,0
3703,8
3704,2
3705,3
3706,9
3707,0
3708,5
3709,0
3710,0
3711,2
3712,5
3713,8
3714,8
3715,0
3716,0
3717,2
3718,0
3719,9
3720,3
3721,0
3722,8
3723,0
3724,0
3725,8
3726,8
3727,6
3728,0
3729,3
3730,3
3731,0
3732,0
3733,2
3734,8
3735,0
3736,0
3737,0
3738,8
3739,9
3740,0
3741,0
3742,0
3743,0
3744,9
3745,0
3746,0
3747,8
3748,0
3749,3
3750,8
3751,8
3752,8
3753,7
3754,9
3755,0
3756,0
3757,9
3758,0
3759,2
3760,1
3761,8
3762,0
3763,8
3764,8
3765,8
3766,0
3767,9
3768,0
3769,0
3770,8
3771,0
3772,9
3773,0
3774,0
3775,0
3776,0
3777,0
3778,0
3779,0
3780,8
3781,1
3782,0
3783,0
3784,9
3785,2
3786,2
3787,2
3788,0
3789,0
3790,8
3791,0
3792,3
3793,9
3794,3
3795,0
3796,0
3797,2
3798,8
3799,8
3800,0
3801,4
3802,0
3803,7
3804,0
3805,0
3806,0
3807,0
3808,0
3809,2
3810,8
3811,8
3812,0
3813,7
3814,0
3815,0
3816,8
3817,8
3818,0
3819,8
3820,0
3821,0
3822,2
3823,0
3824,8
3825,0
3826,0
3827,8
3828,0
3829,0
3830,9
3831,0
3832,0
3833,0
3834,8
3835,0
3836,0
3837,0
3838,9
3839,3
3840,0
3841,0
3842,9
3843,1
3844,0
3845,3
3846,0
3847,8
3848,8
3849,8
3850,0
3851,0
3852,0
3853,1
3854,9
3855,2
3856,0
3857,0
3858,0
3859,0
3860,8
3861,8
3862,0
3863,0
3864,0
3865,2
3866,9
3867,0
3868,0
3869,2
3870,0
3871,0
3872,0
3873,0
3874,0
3875,8
3876,2
3877,4
3878,0
3879,0
3880,9
3881,6
3882,8
3883,9
3884,0
3885,0
3886,0
3887,3
3888,5
3889,1
3890,0
3891,7
3892,9
3893,0
3894,0
3895,0
3896,8
3897,0
3898,0
3899,0
3900,3
3901,0
3902,0
3903,0
3904,7
3905,0
3906,0
3907,0
3908,9
3909,4
3910,0
3911,0
3912,8
3913,9
3914,8
3915,9
3916,8
3917,0
3918,9
3919,8
3920,1
3921,8
3922,0
3923,0
3924,0
3925,0
3926,0
3927,7
3928,0
3929,0
3930,0
3931,0
3932,0
3933,3
3934,0
3935,0
3936,0
3937,0
3938,0
3939,0
3940,0
3941,3
3942,8
3943,0
3944,0
3945,0
3946,2
3947,9
3948,0
3949,0
3950,0
3951,0
3952,2
3953,2
3954,0
3955,0
3956,5
3957,3
3958,8
3959,0
3960,9
3961,0
3962,9
3963,0
3964,0
3965,9
3966,0
3967,9
3968,9
3969,0
3970,0
3971,5
3972,7
3973,0
3974,0
3975,2
3976,8
3977,4
3978,0
3979,0
3980,9
3981,0
3982,0
3983,2
3984,8
3985,0
3986,0
3987,9
3988,0
3989,0
3990,0
3991,8
3992,8
3993,0
3994,0
3995,0
3996,1
3997,7
3998,0
3999,0
4000,4
4001,4
4002,4
4003,4
4004,7
4005,4
4006,4
4007,3
4008,4
4009,4
4010,4
4011,2
4012,4
4013,4
4014,4
4015,5
4016,7
4017,4
4018,4
4019,4
4020,4
4021,2
4022,4
4023,2
4024,1
4025,2
4026,4
4027,0
4028,4
4029,4
4030,4
4031,4
4032,4
4033,4
4034,4
4035,2
4036,4
4037,4
4038,4
4039,4
4040,4
4041,4
4042,7
4043,4
4044,4
4045,4
4046,4
4047,7
4048,4
4049,6
4050,4
4051,4
4052,5
4053,3
4054,3
4055,7
4056,4
4057,4
4058,4
4059,5
4060,4
4061,0
4062,7
4063,4
4064,4
4065,5
4066,7
4067,3
4068,3
4069,4
4070,4
4071,4
4072,5
4073,4
4074,4
4075,4
4076,6
4077,7
4078,4
4079,3
4080,7
4081,4
4082,4
4083,4
4084,0
4085,4
4086,6
4087,3
4088,4
4089,0
4090,7
4091,4
4092,4
4093,4
4094,2
4095,5
4096,8
4097,4
4098,4
4099,4
4100,4
4101,4
4102,4
4103,4
4104,4
4105,7
4106,3
4107,2
4108,2
4109,2
4110,4
4111,7
4112,7
4113,4
4114,4
4115,3
4116,4
4117,7
4118,4
4119,8
4120,4
4121,8
4122,4
4123,0
4124,4
4125,4
4126,7
4127,4
4128,4
4129,4
4130,4
4131,2
4132,4
4133,7
4134,0
4135,4
4136,4
4137,4
4138,4
4139,4
4140,4
4141,8
4142,4
4143,4
4144,4
4145,4
4146,4
4147,6
4148,4
4149,4
4150,4
4151,4
4152,4
4153,4
4154,4
4155,4
4156,4
4157,4
4158,3
4159,4
4160,2
4161,4
4162,7
4163,4
4164,0
4165,4
4166,4
4167,7
4168,4
4169,4
4170,4
4171,4
4172,2
4173,4
4174,4
4175,3
4176,4
4177,4
4178,4
4179,5
4180,4
4181,4
4182,3
4183,4
4184,5
4185,4
4186,4
4187,7
4188,7
4189,4
4190,4
4191,5
4192,4
4193,9
4194,4
4195,4
4196,4
4197,4
4198,4
4199,4
4200,4
4201,4
4202,4
4203,4
4204,4
4205,4
4206,4
4207,4
4208,3
4209,3
4210,4
4211,5
4212,4
4213,4
4214,7
4215,9
4216,3
4217,4
4218,4
4219,4
4220,4
4221,3
4222,2
4223,4
4224,7
4225,4
4226,8
4227,7
4228,4
4229,3
4230,2
4231,4
4232,4
4233,4
4234,4
4235,4
4236,4
4237,4
4238,3
4239,4
4240,5
4241,0
4242,4
4243,4
4244,3
4245,4
4246,3
4247,6
4248,3
4249,3
4250,2
4251,7
4252,3
4253,3
4254,4
4255,5
4256,7
4257,4
4258,4
4259,5
4260,4
4261,4
4262,4
4263,4
4264,2
4265,4
4266,4
4267,4
4268,4
4269,4
4270,5
4271,7
4272,5
4273,5
4274,4
4275,4
4276,3
4277,7
4278,5
4279,4
4280,4
4281,4
4282,4
4283,4
4284,0
4285,4
4286,4
4287,5
4288,4
4289,4
4290,4
4291,4
4292,3
4293,4
4294,4
4295,4
4296,4
4297,4
4298,4
4299,4
4300,8
4301,4
4302,4
4303,5
4304,4
4305,9
4306,4
4307,4
4308,4
4309,7
4310,4
4311,4
4312,4
4313,4
4314,4
4315,4
4316,4
4317,4
4318,4
4319,4
4320,8
4321,5
4322,6
4323,8
4324,6
4325,4
4326,7
4327,5
4328,4
4329,4
4330,4
4331,7
4332,3
4333,8
4334,8
4335,7
4336,4
4337,4
4338,3
4339,4
4340,7
4341,5
4342,4
4343,4
4344,4
4345,4
4346,5
4347,7
4348,7
4349,4
4350,4
4351,4
4352,4
4353,4
4354,3
4355,4
4356,7
4357,7
4358,4
4359,4
4360,4
4361,0
4362,5
4363,5
4364,7
4365,2
4366,2
4367,7
4368,4
4369,4
4370,0
4371,3
4372,4
4373,3
4374,4
4375,4
4376,4
4377,4
4378,7
4379,7
4380,5
4381,4
4382,4
4383,4
4384,4
4385,5
4386,4
4387,3
4388,4
4389,5
4390,4
4391,4
4392,4
4393,2
4394,4
4395,4
4396,4
4397,4
4398,2
4399,4
4400,4
4401,4
4402,7
4403,4
4404,0
4405,4
4406,8
4407,4
4408,4
4409,4
4410,5
4411,4
4412,4
4413,7
4414,3
4415,4
4416,4
4417,4
4418,7
4419,4
4420,4
4421,4
4422,4
4423,4
4424,7
4425,3
4426,4
4427,4
4428,3
4429,0
4430,4
4431,3
4432,4
4433,0
4434,4
4435,4
4436,4
4437,4
4438,3
4439,4
4440,5
4441,7
4442,4
4443,4
4444,4
4445,5
4446,4
4447,4
4448,4
4449,4
4450,4
4451,4
4452,4
4453,5
4454,5
4455,6
4456,4
4457,7
4458,7
4459,4
4460,4
4461,4
4462,4
4463,4
4464,5
4465,5
4466,7
4467,4
4468,4
4469,4
4470,1
4471,2
4472,4
4473,4
4474,4
4475,4
4476,4
4477,4
4478,4
4479,4
4480,5
4481,3
4482,6
4483,3
4484,4
4485,5
4486,4
4487,4
4488,4
4489,4
4490,7
4491,4
4492,3
4493,7
4494,4
4495,4
4496,4
4497,4
4498,4
4499,4
4500,4
4501,4
4502,7
4503,4
4504,8
4505,4
4506,4
4507,5
4508,4
4509,2
4510,6
4511,4
4512,7
4513,4
4514,8
4515,4
4516,4
4517,2
4518,4
4519,4
4520,4
4521,4
4522,4
4523,4
4524,4
4525,3
4526,5
4527,4
4528,4
4529,4
4530,4
4531,1
4532,5
4533,4
4534,6
4535,4
4536,4
4537,4
4538,7
4539,4
4540,7
4541,4
4542,8
4543,7
4544,4
4545,4
4546,4
4547,6
4548,4
4549,4
4550,4
4551,4
4552,3
4553,4
4554,4
4555,8
4556,6
4557,4
4558,2
4559,4
4560,7
4561,3
4562,4
4563,5
4564,4
4565,7
4566,4
4567,4
4568,4
4569,4
4570,3
4571,4
4572,7
4573,4
4574,3
4575,4
4576,4
4577,7
4578,0
4579,4
4580,3
4581,7
4582,7
4583,4
4584,4
4585,7
4586,4
4587,7
4588,4
4589,4
4590,2
4591,4
4592,3
4593,4
4594,4
4595,4
4596,4
4597,6
4598,4
4599,4
4600,7
4601,4
4602,4
4603,7
4604,4
4605,2
4606,4
4607,4
4608,4
4609,4
4610,4
4611,4
4612,4
4613,9
4614,4
4615,4
4616,4
4617,4
4618,4
4619,4
4620,4
4621,4
4622,7
4623,2
4624,4
4625,4
4626,4
4627,5
4628,0
4629,4
4630,4
4631,3
4632,7
4633,4
4634,5
4635,0
4636,4
4637,4
4638,4
4639,4
4640,5
4641,9
4642,8
4643,4
4644,3
4645,4
4646,4
4647,4
4648,4
4649,5
4650,5
4651,7
4652,4
4653,4
4654,2
4655,3
4656,4
4657,0
4658,5
4659,7
4660,2
4661,6
4662,4
4663,4
4664,5
4665,4
4666,0
4667,7
4668,4
4669,4
4670,5
4671,4
4672,3
4673,9
4674,8
4675,3
4676,3
4677,4
4678,5
4679,7
4680,7
4681,4
4682,4
4683,5
4684,0
4685,4
4686,7
4687,4
4688,5
4689,0
4690,4
4691,4
4692,4
4693,7
4694,7
4695,4
4696,4
4697,4
4698,4
4699,4
4700,4
4701,4
4702,4
4703,4
4704,3
4705,5
4706,2
4707,4
4708,4
4709,4
4710,4
4711,4
4712,4
4713,2
4714,4
4715,4
4716,4
4717,4
4718,5
4719,4
4720,4
4721,4
4722,4
4723,4
4724,6
4725,3
4726,4
4727,7
4728,4
4729,4
4730,4
4731,4
4732,4
4733,4
4734,4
4735,4
4736,4
4737,4
4738,4
4739,3
4740,4
4741,4
4742,4
4743,4
4744,7
4745,4
4746,4
4747,4
4748,4
4749,5
4750,4
4751,4
4752,5
4753,3
4754,4
4755,4
4756,4
4757,4
4758,4
4759,4
4760,4
4761,4
4762,5
4763,4
4764,4
4765,0
4766,4
4767,5
4768,3
4769,3
4770,4
4771,7
4772,4
4773,4
4774,4
4775,4
4776,0
4777,3
4778,4
4779,3
4780,4
4781,4
4782,4
4783,2
4784,4
4785,4
4786,4
4787,7
4788,4
4789,4
4790,4
4791,4
4792,3
4793,4
4794,7
4795,4
4796,4
4797,2
4798,2
4799,8
4800,0
4801,7
4802,4
4803,4
4804,3
4805,4
4806,4
4807,4
4808,5
4809,4
4810,4
4811,9
4812,4
4813,4
4814,5
4815,4
4816,4
4817,4
4818,4
4819,4
4820,4
4821,3
4822,0
4823,3
4824,7
4825,7
4826,4
4827,4
4828,4
4829,4
4830,7
4831,4
4832,3
4833,4
4834,4
4835,7
4836,4
4837,7
4838,7
4839,4
4840,5
4841,0
4842,4
4843,4
4844,5
4845,4
4846,4
4847,5
4848,4
4849,3
4850,5
4851,4
4852,4
4853,3
4854,4
4855,4
4856,4
4857,7
4858,4
4859,4
4860,4
4861,4
4862,0
4863,4
4864,7
4865,2
4866,7
4867,8
4868,3
4869,4
4870,4
4871,4
4872,4
4873,4
4874,4
4875,0
4876,4
4877,4
4878,4
4879,4
4880,3
4881,2
4882,5
4883,4
4884,6
4885,4
4886,4
4887,5
4888,4
4889,4
4890,4
4891,5
4892,4
4893,3
4894,4
4895,3
4896,7
4897,7
4898,7
4899,4
4900,4
4901,7
4902,4
4903,4
4904,4
4905,4
4906,5
4907,2
4908,4
4909,4
4910,4
4911,6
4912,4
4913,6
4914,0
4915,7
4916,4
4917,4
4918,4
4919,4
4920,4
4921,4
4922,4
4923,4
4924,4
4925,4
4926,7
4927,4
4928,6
4929,4
4930,7
4931,4
4932,7
4933,4
4934,4
4935,4
4936,3
4937,7
4938,4
4939,0
4940,4
4941,4
4942,4
4943,5
4944,4
4945,2
4946,0
4947,4
4948,8
4949,4
4950,7
4951,5
4952,4
4953,4
4954,4
4955,3
4956,4
4957,4
4958,4
4959,4
4960,2
4961,5
4962,4
4963,7
4964,4
4965,4
4966,3
4967,4
4968,7
4969,4
4970,2
4971,3
4972,5
4973,4
4974,7
4975,4
4976,2
4977,2
4978,4
4979,4
4980,4
4981,4
4982,4
4983,4
4984,4
4985,3
4986,4
4987,4
4988,7
4989,7
4990,0
4991,3
4992,4
4993,4
4994,7
4995,4
4996,4
4997,4
4998,4
4999,4
5000,7
5001,3
5002,9
5003,3
5004,2
5005,3
5006,3
5007,3
5008,3
5009,3
5010,2
5011,3
5012,5
5013,3
5014,5
5015,7
5016,3
5017,5
5018,3
5019,2
5020,3
5021,3
5022,3
5023,3
5024,5
5025,3
5026,5
5027,9
5028,5
5029,3
5030,5
5031,5
5032,3
5033,5
5034,3
5035,5
5036,3
5037,7
5038,3
5039,5
5040,3
5041,2
5042,5
5043,0
5044,5
5045,2
5046,3
5047,5
5048,3
5049,2
5050,5
5051,5
5052,3
5053,2
5054,3
5055,3
5056,3
5057,5
5058,5
5059,3
5060,3
5061,2
5062,3
5063,3
5064,5
5065,5
5066,3
5067,3
5068,3
5069,7
5070,5
5071,3
5072,3
5073,3
5074,3
5075,3
5076,3
5077,3
5078,1
5079,5
5080,0
5081,3
5082,3
5083,3
5084,2
5085,2
5086,4
5087,3
5088,5
5089,3
5090,3
5091,3
5092,3
5093,9
5094,3
5095,3
5096,5
5097,3
5098,3
5099,2
5100,3
5101,3
5102,5
5103,3
5104,5
5105,4
5106,3
5107,3
5108,2
5109,5
5110,7
5111,5
5112,3
5113,3
5114,3
5115,3
5116,3
5117,3
5118,3
5119,5
5120,6
5121,5
5122,5
5123,4
5124,3
5125,3
5126,3
5127,5
5128,3
5129,3
5130,0
5131,3
5132,7
5133,5
5134,8
5135,2
5136,3
5137,3
5138,3
5139,3
5140,3
5141,5
5142,5
5143,2
5144,3
5145,3
5146,3
5147,3
5148,3
5149,3
5150,3
5151,7
5152,3
5153,3
5154,2
5155,5
5156,5
5157,0
5158,8
5159,3
5160,3
5161,3
5162,3
5163,0
5164,3
5165,3
5166,3
5167,3
5168,3
5169,3
5170,3
5171,5
5172,7
5173,3
5174,3
5175,5
5176,5
5177,5
5178,5
5179,3
5180,3
5181,3
5182,3
5183,5
5184,3
5185,5
5186,3
5187,3
5188,2
5189,3
5190,3
5191,3
5192,5
5193,0
5194,3
5195,5
5196,5
5197,3
5198,6
5199,3
5200,5
5201,5
5202,3
5203,1
5204,3
5205,5
5206,0
5207,3
5208,3
5209,3
5210,3
5211,3
5212,4
5213,4
5214,5
5215,3
5216,2
5217,3
5218,0
5219,3
5220,3
5221,3
5222,3
5223,5
5224,3
5225,3
5226,2
5227,3
5228,6
5229,3
5230,2
5231,3
5232,3
5233,3
5234,3
5235,3
5236,3
5237,2
5238,7
5239,3
5240,3
5241,3
5242,3
5243,4
5244,3
5245,3
5246,3
5247,3
5248,3
5249,3
5250,3
5251,3
5252,3
5253,4
5254,9
5255,2
5256,3
5257,5
5258,3
5259,3
5260,3
5261,2
5262,3
5263,7
5264,3
5265,5
5266,5
5267,2
5268,3
5269,3
5270,3
5271,6
5272,3
5273,7
5274,2
5275,3
5276,3
5277,3
5278,3
5279,5
5280,3
5281,3
5282,3
5283,3
5284,3
5285,5
5286,3
5287,5
5288,3
5289,5
5290,3
5291,3
5292,2
5293,3
5294,5
5295,3
5296,7
5297,3
5298,2
5299,3
5300,3
5301,3
5302,3
5303,5
5304,3
5305,3
5306,3
5307,3
5308,3
5309,3
5310,3
5311,5
5312,3
5313,5
5314,6
5315,3
5316,5
5317,3
5318,3
5319,3
5320,3
5321,5
5322,3
5323,3
5324,3
5325,3
5326,9
5327,2
5328,3
5329,0
5330,5
5331,3
5332,3
5333,2
5334,3
5335,5
5336,5
5337,3
5338,0
5339,5
5340,3
5341,3
5342,3
5343,3
5344,4
5345,5
5346,3
5347,7
5348,3
5349,3
5350,3
5351,3
5352,5
5353,7
5354,3
5355,3
5356,5
5357,2
5358,3
5359,3
5360,3
5361,3
5362,3
5363,3
5364,3
5365,2
5366,3
5367,3
5368,7
5369,3
5370,5
5371,0
5372,6
5373,3
5374,5
5375,3
5376,3
5377,3
5378,3
5379,3
5380,3
5381,5
5382,3
5383,3
5384,3
5385,5
5386,3
5387,0
5388,3
5389,3
5390,3
5391,3
5392,5
5393,4
5394,3
5395,3
5396,2
5397,4
5398,3
5399,5
5400,3
5401,0
5402,3
5403,3
5404,5
5405,2
5406,3
5407,5
5408,3
5409,3
5410,5
5411,3
5412,3
5413,3
5414,3
5415,3
5416,3
5417,2
5418,3
5419,8
5420,3
5421,3
5422,5
5423,8
5424,3
5425,0
5426,5
5427,5
5428,3
5429,7
5430,3
5431,3
5432,5
5433,5
5434,3
5435,3
5436,7
5437,3
5438,3
5439,3
5440,3
5441,3
5442,0
5443,3
5444,3
5445,3
5446,7
5447,3
5448,3
5449,3
5450,3
5451,3
5452,5
5453,5
5454,3
5455,3
5456,4
5457,9
5458,3
5459,3
5460,3
5461,3
5462,3
5463,3
5464,3
5465,3
5466,3
5467,3
5468,3
5469,3
5470,3
5471,3
5472,3
5473,0
5474,3
5475,3
5476,3
5477,5
5478,3
5479,3
5480,3
5481,8
5482,5
5483,5
5484,5
5485,5
5486,3
5487,4
5488,7
5489,3
5490,5
5491,4
5492,3
5493,0
5494,5
5495,5
5496,3
5497,3
5498,3
5499,3
5500,0
5501,3
5502,3
5503,3
5504,3
5505,3
5506,3
5507,3
5508,2
5509,3
5510,3
5511,3
5512,3
5513,5
5514,3
5515,5
5516,3
5517,3
5518,3
5519,5
5520,3
5521,3
5522,5
5523,3
5524,3
5525,0
5526,5
5527,3
5528,3
5529,5
5530,3
5531,3
5532,3
5533,3
5534,3
5535,5
5536,5
5537,3
5538,3
5539,7
5540,6
5541,3
5542,4
5543,5
5544,3
5545,3
5546,3
5547,3
5548,5
5549,0
5550,3
5551,3
5552,5
5553,3
5554,3
5555,5
5556,3
5557,5
5558,3
5559,5
5560,2
5561,3
5562,5
5563,2
5564,5
5565,3
5566,8
5567,3
5568,2
5569,3
5570,5
5571,5
5572,3
5573,5
5574,5
5575,3
5576,3
5577,5
5578,5
5579,3
5580,3
5581,3
5582,3
5583,3
5584,3
5585,3
5586,3
5587,3
5588,3
5589,3
5590,3
5591,9
5592,3
5593,5
5594,9
5595,3
5596,3
5597,7
5598,5
5599,3
5600,3
5601,4
5602,5
5603,9
5604,2
5605,4
5606,3
5607,3
5608,3
5609,5
5610,3
5611,3
5612,3
5613,5
5614,3
5615,5
5616,3
5617,3
5618,5
5619,3
5620,3
5621,3
5622,3
5623,8
5624,3
5625,0
5626,3
5627,3
5628,5
5629,3
5630,5
5631,5
5632,3
5633,2
5634,3
5635,3
5636,3
5637,3
5638,3
5639,2
5640,5
5641,3
5642,3
5643,3
5644,3
5645,8
5646,5
5647,3
5648,5
5649,3
5650,7
5651,5
5652,3
5653,5
5654,6
5655,0
5656,3
5657,5
5658,3
5659,3
5660,7
5661,3
5662,6
5663,2
5664,3
5665,3
5666,3
5667,2
5668,3
5669,6
5670,3
5671,3
5672,3
5673,3
5674,3
5675,3
5676,3
5677,2
5678,3
5679,3
5680,3
5681,3
5682,2
5683,3
5684,3
5685,5
5686,3
5687,5
5688,3
5689,3
5690,3
5691,0
5692,3
5693,3
5694,5
5695,3
5696,5
5697,5
5698,3
5699,3
5700,3
5701,6
5702,3
5703,3
5704,5
5705,3
5706,3
5707,3
5708,6
5709,3
5710,7
5711,3
5712,4
5713,3
5714,3
5715,3
5716,5
5717,2
5718,3
5719,6
5720,2
5721,3
5722,3
5723,3
5724,3
5725,3
5726,3
5727,5
5728,3
5729,2
5730,5
5731,3
5732,4
5733,5
5734,3
5735,3
5736,3
5737,5
5738,3
5739,3
5740,3
5741,3
5742,3
5743,5
5744,2
5745,5
5746,3
5747,3
5748,7
5749,0
5750,7
5751,3
5752,2
5753,3
5754,2
5755,3
5756,5
5757,5
5758,4
5759,3
5760,3
5761,5
5762,3
5763,3
5764,3
5765,3
5766,3
5767,2
5768,3
5769,3
5770,3
5771,8
5772,3
5773,3
5774,3
5775,3
5776,3
5777,0
5778,3
5779,5
5780,3
5781,0
5782,5
5783,3
5784,3
5785,5
5786,3
5787,0
5788,5
5789,3
5790,5
5791,3
5792,3
5793,5
5794,5
5795,3
5796,3
5797,5
5798,3
5799,3
5800,3
5801,6
5802,4
5803,3
5804,5
5805,3
5806,2
5807,3
5808,0
5809,2
5810,3
5811,3
5812,3
5813,3
5814,0
5815,3
5816,3
5817,3
5818,3
5819,0
5820,4
5821,3
5822,3
5823,3
5824,8
5825,3
5826,3
5827,3
5828,3
5829,3
5830,3
5831,3
5832,5
5833,3
5834,3
5835,5
5836,3
5837,6
5838,9
5839,3
5840,7
5841,5
5842,5
5843,3
5844,3
5845,7
5846,5
5847,3
5848,5
5849,3
5850,3
5851,2
5852,3
5853,3
5854,3
5855,5
5856,3
5857,4
5858,3
5859,6
5860,3
5861,3
5862,0
5863,3
5864,3
5865,6
5866,3
5867,3
5868,3
5869,3
5870,3
5871,5
5872,3
5873,0
5874,5
5875,2
5876,3
5877,3
5878,5
5879,3
5880,3
5881,3
5882,3
5883,3
5884,3
5885,3
5886,4
5887,5
5888,8
5889,7
5890,3
5891,3
5892,3
5893,5
5894,8
5895,5
5896,3
5897,5
5898,3
5899,3
5900,3
5901,3
5902,3
5903,6
5904,3
5905,4
5906,3
5907,5
5908,9
5909,3
5910,3
5911,3
5912,0
5913,6
5914,5
5915,5
5916,3
5917,2
5918,3
5919,3
5920,3
5921,3
5922,3
5923,3
5924,3
5925,3
5926,5
5927,2
5928,8
5929,3
5930,3
5931,5
5932,3
5933,3
5934,3
5935,3
5936,7
5937,5
5938,3
5939,3
5940,3
5941,3
5942,5
5943,3
5944,3
5945,3
5946,3
5947,3
5948,5
5949,3
5950,3
5951,3
5952,3
5953,8
5954,3
5955,0
5956,3
5957,5
5958,3
5959,3
5960,5
5961,3
5962,5
5963,3
5964,3
5965,0
5966,3
5967,5
5968,3
5969,6
5970,6
5971,5
5972,9
5973,3
5974,3
5975,6
5976,3
5977,3
5978,3
5979,5
5980,5
5981,3
5982,3
5983,2
5984,3
5985,3
5986,3
5987,3
5988,3
5989,3
5990,2
5991,3
5992,3
5993,3
5994,3
5995,5
5996,1
5997,3
5998,3
5999,3
6000,9
6001,6
6002,5
6003,7
6004,9
6005,5
6006,2
6007,2
6008,3
6009,6
6010,6
6011,6
6012,6
6013,6
6014,6
6015,6
6016,6
6017,4
6018,6
6019,2
6020,6
6021,3
6022,3
6023,6
6024,2
6025,6
6026,6
6027,6
6028,6
6029,6
6030,3
6031,6
6032,6
6033,6
6034,2
6035,6
6036,5
6037,6
6038,3
6039,5
6040,5
6041,5
6042,5
6043,5
6044,6
6045,6
6046,6
6047,6
6048,8
6049,2
6050,3
6051,4
6052,6
6053,6
6054,4
6055,3
6056,5
6057,3
6058,6
6059,6
6060,2
6061,0
6062,6
6063,3
6064,5
6065,6
6066,2
6067,6
6068,4
6069,6
6070,6
6071,6
6072,2
6073,6
6074,8
6075,2
6076,6
6077,6
6078,3
6079,6
6080,6
6081,6
6082,4
6083,6
6084,3
6085,5
6086,6
6087,6
6088,6
6089,6
6090,2
6091,0
6092,6
6093,6
6094,2
6095,8
6096,0
6097,6
6098,4
6099,6
6100,6
6101,6
6102,6
6103,3
6104,2
6105,6
6106,3
6107,6
6108,6
6109,6
6110,5
6111,6
6112,0
6113,6
6114,6
6115,7
6116,4
6117,6
6118,6
6119,6
6120,3
6121,6
6122,6
6123,6
6124,6
6125,6
6126,6
6127,6
6128,6
6129,6
6130,6
6131,3
6132,1
6133,6
6134,6
6135,2
6136,6
6137,6
6138,6
6139,3
6140,3
6141,1
6142,3
6143,6
6144,3
6145,6
6146,6
6147,4
6148,6
6149,6
6150,6
6151,6
6152,6
6153,5
6154,6
6155,6
6156,3
6157,6
6158,6
6159,6
6160,5
6161,4
6162,6
6163,8
6164,6
6165,3
6166,6
6167,3
6168,6
6169,3
6170,2
6171,6
6172,4
6173,4
6174,6
6175,6
6176,6
6177,3
6178,6
6179,3
6180,6
6181,0
6182,3
6183,6
6184,4
6185,3
6186,6
6187,6
6188,6
6189,2
6190,6
6191,4
6192,6
6193,1
6194,6
6195,6
6196,7
6197,3
6198,6
6199,0
6200,2
6201,6
6202,6
6203,5
6204,2
6205,6
6206,7
6207,6
6208,2
6209,6
6210,3
6211,6
6212,6
6213,6
6214,5
6215,6
6216,6
6217,6
6218,6
6219,6
6220,9
6221,6
6222,6
6223,6
6224,6
6225,6
6226,6
6227,6
6228,3
6229,2
6230,2
6231,6
6232,7
6233,4
6234,6
6235,3
6236,5
6237,6
6238,5
6239,6
6240,6
6241,4
6242,1
6243,5
6244,3
6245,6
6246,6
6247,6
6248,6
6249,6
6250,6
6251,8
6252,2
6253,6
6254,4
6255,6
6256,3
6257,6
6258,6
6259,6
6260,6
6261,6
6262,5
6263,6
6264,6
6265,0
6266,6
6267,2
6268,6
6269,6
6270,6
6271,6
6272,3
6273,6
6274,4
6275,6
6276,6
6277,6
6278,6
6279,6
6280,6
6281,6
6282,3
6283,4
6284,6
6285,6
6286,3
6287,6
6288,3
6289,6
6290,3
6291,6
6292,2
6293,6
6294,6
6295,6
6296,6
6297,6
6298,6
6299,2
6300,3
6301,2
6302,6
6303,6
6304,6
6305,8
6306,6
6307,6
6308,6
6309,6
6310,3
6311,6
6312,6
6313,4
6314,6
6315,6
6316,6
6317,6
6318,6
6319,2
6320,6
6321,4
6322,5
6323,6
6324,3
6325,6
6326,6
6327,6
6328,5
6329,6
6330,6
6331,6
6332,2
6333,5
6334,6
6335,6
6336,6
6337,6
6338,6
6339,6
6340,6
6341,3
6342,2
6343,6
6344,6
6345,2
6346,6
6347,6
6348,6
6349,6
6350,6
6351,6
6352,6
6353,6
6354,5
6355,6
6356,6
6357,6
6358,6
6359,6
6360,6
6361,6
6362,2
6363,6
6364,6
6365,9
6366,6
6367,6
6368,3
6369,6
6370,4
6371,6
6372,6
6373,6
6374,3
6375,6
6376,6
6377,6
6378,3
6379,6
6380,6
6381,6
6382,3
6383,6
6384,6
6385,4
6386,5
6387,3
6388,5
6389,3
6390,6
6391,6
6392,3
6393,4
6394,6
6395,6
6396,3
6397,6
6398,6
6399,6
6400,4
6401,3
6402,6
6403,3
6404,3
6405,6
6406,2
6407,6
6408,6
6409,6
6410,6
6411,6
6412,6
6413,2
6414,6
6415,6
6416,6
6417,6
6418,2
6419,6
6420,2
6421,4
6422,6
6423,6
6424,5
6425,6
6426,6
6427,6
6428,2
6429,3
6430,3
6431,6
6432,6
6433,0
6434,4
6435,9
6436,5
6437,6
6438,5
6439,3
6440,5
6441,2
6442,3
6443,6
6444,6
6445,6
6446,6
6447,3
6448,6
6449,2
6450,6
6451,2
6452,0
6453,6
6454,6
6455,3
6456,6
6457,3
6458,6
6459,6
6460,6
6461,6
6462,6
6463,6
6464,6
6465,6
6466,6
6467,4
6468,6
6469,6
6470,6
6471,6
6472,6
6473,2
6474,6
6475,3
6476,6
6477,6
6478,6
6479,6
6480,6
6481,6
6482,2
6483,6
6484,6
6485,6
6486,2
6487,4
6488,6
6489,6
6490,6
6491,6
6492,6
6493,3
6494,8
6495,1
6496,5
6497,6
6498,6
6499,6
6500,3
6501,2
6502,8
6503,6
6504,2
6505,5
6506,5
6507,6
6508,6
6509,2
6510,2
6511,2
6512,3
6513,6
6514,2
6515,6
6516,8
6517,3
6518,4
6519,3
6520,6
6521,5
6522,6
6523,3
6524,6
6525,3
6526,2
6527,5
6528,6
6529,4
6530,6
6531,3
6532,6
6533,6
6534,3
6535,6
6536,6
6537,5
6538,6
6539,6
6540,3
6541,4
6542,4
6543,4
6544,7
6545,2
6546,6
6547,6
6548,6
6549,2
6550,6
6551,2
6552,3
6553,6
6554,4
6555,6
6556,6
6557,6
6558,6
6559,6
6560,6
6561,6
6562,3
6563,2
6564,5
6565,2
6566,6
6567,2
6568,6
6569,6
6570,4
6571,6
6572,6
6573,6
6574,6
6575,3
6576,4
6577,8
6578,6
6579,6
6580,2
6581,3
6582,4
6583,6
6584,3
6585,6
6586,6
6587,4
6588,6
6589,8
6590,3
6591,6
6592,0
6593,4
6594,6
6595,6
6596,4
6597,6
6598,6
6599,6
6600,6
6601,3
6602,6
6603,2
6604,6
6605,6
6606,4
6607,4
6608,2
6609,5
6610,6
6611,6
6612,6
6613,2
6614,6
6615,5
6616,6
6617,6
6618,6
6619,3
6620,6
6621,6
6622,6
6623,6
6624,6
6625,4
6626,6
6627,6
6628,6
6629,3
6630,3
6631,6
6632,5
6633,6
6634,6
6635,2
6636,6
6637,6
6638,6
6639,6
6640,5
6641,6
6642,5
6643,3
6644,6
6645,6
6646,6
6647,6
6648,6
6649,3
6650,6
6651,6
6652,3
6653,5
6654,6
6655,6
6656,6
6657,3
6658,6
6659,6
6660,6
6661,6
6662,6
6663,6
6664,6
6665,6
6666,3
6667,7
6668,6
6669,3
6670,5
6671,6
6672,6
6673,6
6674,4
6675,6
6676,6
6677,6
6678,6
6679,6
6680,3
6681,6
6682,1
6683,3
6684,6
6685,3
6686,6
6687,6
6688,3
6689,6
6690,8
6691,6
6692,6
6693,5
6694,6
6695,6
6696,8
6697,4
6698,6
6699,6
6700,6
6701,6
6702,6
6703,2
6704,6
6705,3
6706,6
6707,6
6708,6
6709,6
6710,2
6711,4
6712,5
6713,6
6714,4
6715,4
6716,6
6717,6
6718,6
6719,6
6720,6
6721,6
6722,2
6723,1
6724,6
6725,3
6726,6
6727,1
6728,5
6729,6
6730,3
6731,6
6732,4
6733,3
6734,6
6735,6
6736,6
6737,6
6738,6
6739,6
6740,6
6741,2
6742,1
6743,6
6744,2
6745,6
6746,6
6747,3
6748,3
6749,6
6750,3
6751,6
6752,3
6753,4
6754,1
6755,6
6756,6
6757,6
6758,6
6759,5
6760,8
6761,6
6762,6
6763,5
6764,6
6765,6
6766,6
6767,6
6768,5
6769,6
6770,6
6771,6
6772,6
6773,6
6774,8
6775,6
6776,6
6777,6
6778,3
6779,8
6780,6
6781,6
6782,6
6783,6
6784,2
6785,6
6786,3
6787,6
6788,6
6789,3
6790,6
6791,3
6792,1
6793,6
6794,5
6795,3
6796,4
6797,6
6798,6
6799,2
6800,3
6801,6
6802,6
6803,6
6804,7
6805,5
6806,3
6807,6
6808,6
6809,6
6810,6
6811,1
6812,8
6813,1
6814,6
6815,5
6816,6
6817,7
6818,3
6819,6
6820,6
6821,6
6822,6
6823,6
6824,6
6825,2
6826,2
6827,6
6828,6
6829,6
6830,6
6831,6
6832,6
6833,6
6834,6
6835,3
6836,3
6837,6
6838,6
6839,5
6840,3
6841,6
6842,3
6843,6
6844,6
6845,5
6846,0
6847,4
6848,6
6849,5
6850,6
6851,3
6852,6
6853,2
6854,5
6855,5
6856,6
6857,2
6858,6
6859,6
6860,3
6861,6
6862,5
6863,6
6864,6
6865,2
6866,6
6867,5
6868,6
6869,3
6870,6
6871,8
6872,6
6873,6
6874,6
6875,6
6876,6
6877,7
6878,3
6879,6
6880,6
6881,6
6882,6
6883,6
6884,5
6885,7
6886,6
6887,6
6888,2
6889,6
6890,3
6891,2
6892,6
6893,6
6894,6
6895,6
6896,6
6897,6
6898,6
6899,6
6900,6
6901,2
6902,6
6903,6
6904,6
6905,3
6906,6
6907,6
6908,6
6909,5
6910,4
6911,6
6912,6
6913,4
6914,3
6915,6
6916,6
6917,6
6918,6
6919,6
6920,5
6921,6
6922,6
6923,6
6924,3
6925,5
6926,6
6927,6
6928,6
6929,6
6930,6
6931,6
6932,6
6933,6
6934,6
6935,3
6936,0
6937,6
6938,4
6939,6
6940,3
6941,5
6942,2
6943,6
6944,3
6945,6
6946,6
6947,6
6948,6
6949,6
6950,6
6951,6
6952,4
6953,6
6954,6
6955,5
6956,6
6957,6
6958,6
6959,6
6960,6
6961,6
6962,3
6963,6
6964,6
6965,6
6966,6
6967,3
6968,6
6969,6
6970,6
6971,6
6972,7
6973,6
6974,6
6975,6
6976,6
6977,3
6978,6
6979,8
6980,6
6981,5
6982,3
6983,6
6984,6
6985,4
6986,6
6987,3
6988,6
6989,6
6990,6
6991,6
6992,6
6993,6
6994,6
6995,4
6996,6
6997,6
6998,2
6999,4
7000,5
7001,1
7002,1
7003,1
7004,9
7005,1
7006,1
7007,9
7008,1
7009,9
7010,9
7011,1
7012,1
7013,0
7014,1
7015,1
7016,1
7017,1
7018,1
7019,9
7020,9
7021,1
7022,1
7023,1
7024,5
7025,8
7026,1
7027,9
7028,1
7029,1
7030,1
7031,1
7032,1
7033,1
7034,9
7035,8
7036,5
7037,1
7038,1
7039,1
7040,1
7041,9
7042,7
7043,1
7044,1
7045,1
7046,1
7047,9
7048,1
7049,1
7050,1
7051,9
7052,1
7053,1
7054,1
7055,1
7056,1
7057,1
7058,9
7059,1
7060,1
7061,1
7062,1
7063,1
7064,1
7065,1
7066,0
7067,1
7068,1
7069,1
7070,1
7071,1
7072,1
7073,1
7074,7
7075,1
7076,1
7077,1
7078,9
7079,1
7080,1
7081,1
7082,1
7083,0
7084,1
7085,1
7086,1
7087,5
7088,9
7089,1
7090,0
7091,1
7092,1
7093,9
7094,9
7095,9
7096,1
7097,1
7098,1
7099,5
7100,1
7101,1
7102,9
7103,9
7104,1
7105,1
7106,1
7107,9
7108,1
7109,1
7110,4
7111,9
7112,1
7113,1
7114,1
7115,1
7116,1
7117,1
7118,1
7119,1
7120,9
7121,1
7122,1
7123,1
7124,1
7125,1
7126,1
7127,1
7128,1
7129,9
7130,1
7131,1
7132,8
7133,9
7134,8
7135,1
7136,1
7137,2
7138,1
7139,5
7140,1
7141,1
7142,0
7143,1
7144,0
7145,1
7146,0
7147,3
7148,1
7149,9
7150,1
7151,1
7152,9
7153,0
7154,1
7155,1
7156,1
7157,1
7158,1
7159,8
7160,1
7161,1
7162,9
7163,1
7164,1
7165,1
7166,1
7167,0
7168,1
7169,1
7170,9
7171,9
7172,3
7173,1
7174,1
7175,1
7176,1
7177,1
7178,1
7179,9
7180,9
7181,5
7182,9
7183,1
7184,1
7185,9
7186,3
7187,1
7188,1
7189,0
7190,1
7191,1
7192,1
7193,1
7194,8
7195,1
7196,1
7197,1
7198,9
7199,1
7200,9
7201,9
7202,9
7203,1
7204,1
7205,1
7206,1
7207,9
7208,9
7209,1
7210,1
7211,1
7212,1
7213,9
7214,0
7215,1
7216,1
7217,1
7218,1
7219,1
7220,1
7221,9
7222,1
7223,1
7224,2
7225,1
7226,9
7227,1
7228,2
7229,1
7230,1
7231,1
7232,8
7233,9
7234,0
7235,1
7236,9
7237,9
7238,1
7239,1
7240,9
7241,1
7242,1
7243,6
7244,1
7245,1
7246,1
7247,1
7248,1
7249,1
7250,9
7251,7
7252,1
7253,9
7254,1
7255,0
7256,1
7257,9
7258,1
7259,1
7260,1
7261,1
7262,9
7263,1
7264,1
7265,7
7266,1
7267,1
7268,1
7269,9
7270,8
7271,1
7272,8
7273,1
7274,1
7275,1
7276,1
7277,9
7278,1
7279,1
7280,9
7281,9
7282,9
7283,1
7284,1
7285,1
7286,1
7287,1
7288,9
7289,1
7290,1
7291,1
7292,1
7293,1
7294,1
7295,1
7296,1
7297,9
7298,1
7299,1
7300,1
7301,1
7302,1
7303,2
7304,1
7305,3
7306,1
7307,3
7308,8
7309,9
7310,1
7311,1
7312,1
7313,9
7314,1
7315,1
7316,1
7317,9
7318,1
7319,1
7320,1
7321,9
7322,1
7323,1
7324,1
7325,5
7326,1
7327,1
7328,1
7329,0
7330,8
7331,9
7332,1
7333,2
7334,1
7335,1
7336,5
7337,1
7338,1
7339,1
7340,1
7341,1
7342,1
7343,1
7344,1
7345,1
7346,1
7347,1
7348,1
7349,1
7350,1
7351,9
7352,1
7353,1
7354,9
7355,1
7356,1
7357,9
7358,9
7359,9
7360,9
7361,9
7362,8
7363,8
7364,5
7365,1
7366,1
7367,9
7368,1
7369,0
7370,1
7371,1
7372,1
7373,9
7374,1
7375,1
7376,1
7377,1
7378,1
7379,1
7380,6
7381,1
7382,1
7383,1
7384,1
7385,1
7386,1
7387,1
7388,9
7389,1
7390,1
7391,9
7392,1
7393,9
7394,1
7395,6
7396,1
7397,1
7398,1
7399,0
7400,1
7401,9
7402,1
7403,8
7404,1
7405,9
7406,1
7407,1
7408,1
7409,1
7410,1
7411,1
7412,1
7413,1
7414,1
7415,9
7416,1
7417,1
7418,1
7419,9
7420,1
7421,1
7422,6
7423,1
7424,1
7425,1
7426,9
7427,1
7428,9
7429,1
7430,1
7431,1
7432,1
7433,1
7434,1
7435,9
7436,1
7437,8
7438,9
7439,8
7440,7
7441,1
7442,1
7443,1
7444,1
7445,9
7446,5
7447,1
7448,1
7449,9
7450,1
7451,1
7452,9
7453,1
7454,9
7455,1
7456,9
7457,0
7458,9
7459,1
7460,1
7461,1
7462,1
7463,1
7464,1
7465,9
7466,1
7467,1
7468,9
7469,1
7470,9
7471,1
7472,1
7473,1
7474,1
7475,1
7476,1
7477,9
7478,9
7479,9
7480,1
7481,1
7482,1
7483,0
7484,9
7485,1
7486,1
7487,1
7488,1
7489,1
7490,1
7491,9
7492,1
7493,1
7494,1
7495,1
7496,9
7497,9
7498,1
7499,1
7500,9
7501,1
7502,1
7503,1
7504,1
7505,9
7506,1
7507,1
7508,9
7509,1
7510,1
7511,1
7512,1
7513,1
7514,1
7515,1
7516,8
7517,9
7518,1
7519,1
7520,1
7521,1
7522,1
7523,1
7524,8
7525,1
7526,0
7527,1
7528,8
7529,1
7530,1
7531,9
7532,1
7533,1
7534,9
7535,1
7536,9
7537,1
7538,3
7539,1
7540,1
7541,9
7542,3
7543,9
7544,1
7545,1
7546,1
7547,1
7548,9
7549,7
7550,9
7551,0
7552,1
7553,1
7554,1
7555,1
7556,9
7557,0
7558,1
7559,1
7560,9
7561,1
7562,1
7563,1
7564,1
7565,3
7566,1
7567,1
7568,1
7569,1
7570,1
7571,1
7572,1
7573,9
7574,1
7575,8
7576,9
7577,1
7578,1
7579,9
7580,9
7581,1
7582,1
7583,1
7584,1
7585,5
7586,9
7587,0
7588,1
7589,1
7590,1
7591,9
7592,1
7593,8
7594,9
7595,8
7596,1
7597,8
7598,1
7599,1
7600,1
7601,1
7602,9
7603,1
7604,1
7605,8
7606,8
7607,1
7608,9
7609,1
7610,1
7611,1
7612,1
7613,9
7614,9
7615,1
7616,1
7617,1
7618,9
7619,1
7620,9
7621,9
7622,9
7623,1
7624,1
7625,1
7626,9
7627,1
7628,9
7629,1
7630,9
7631,1
7632,8
7633,1
7634,9
7635,9
7636,1
7637,1
7638,8
7639,1
7640,1
7641,1
7642,1
7643,1
7644,9
7645,1
7646,1
7647,1
7648,1
7649,1
7650,0
7651,1
7652,1
7653,1
7654,1
7655,7
7656,1
7657,1
7658,7
7659,9
7660,9
7661,1
7662,1
7663,9
7664,9
7665,1
7666,1
7667,1
7668,3
7669,9
7670,1
7671,7
7672,9
7673,1
7674,1
7675,1
7676,1
7677,1
7678,1
7679,9
7680,1
7681,1
7682,1
7683,9
7684,1
7685,1
7686,1
7687,1
7688,1
7689,1
7690,1
7691,1
7692,0
7693,1
7694,3
7695,1
7696,9
7697,9
7698,1
7699,9
7700,1
7701,1
7702,1
7703,1
7704,9
7705,1
7706,9
7707,1
7708,1
7709,1
7710,1
7711,9
7712,1
7713,9
7714,1
7715,1
7716,1
7717,8
7718,9
7719,9
7720,0
7721,1
7722,1
7723,1
7724,1
7725,1
7726,1
7727,9
7728,1
7729,1
7730,7
7731,1
7732,1
7733,1
7734,1
7735,1
7736,1
7737,1
7738,1
7739,1
7740,8
7741,1
7742,1
7743,4
7744,1
7745,1
7746,5
7747,1
7748,1
7749,5
7750,1
7751,1
7752,1
7753,1
7754,1
7755,1
7756,1
7757,1
7758,9
7759,0
7760,1
7761,1
7762,0
7763,0
7764,1
7765,1
7766,1
7767,1
7768,1
7769,1
7770,8
7771,1
7772,1
7773,1
7774,1
7775,1
7776,1
7777,9
7778,1
7779,1
7780,1
7781,1
7782,1
7783,1
7784,1
7785,2
7786,9
7787,1
7788,1
7789,1
7790,1
7791,1
7792,5
7793,1
7794,9
7795,1
7796,1
7797,1
7798,0
7799,1
7800,1
7801,1
7802,1
7803,9
7804,1
7805,1
7806,1
7807,1
7808,1
7809,1
7810,1
7811,1
7812,1
7813,2
7814,9
7815,5
7816,1
7817,8
7818,0
7819,1
7820,1
7821,1
7822,0
7823,1
7824,1
7825,1
7826,1
7827,1
7828,9
7829,1
7830,1
7831,1
7832,1
7833,1
7834,2
7835,8
7836,1
7837,1
7838,1
7839,1
7840,5
7841,1
7842,1
7843,1
7844,1
7845,1
7846,1
7847,1
7848,1
7849,1
7850,1
7851,1
7852,1
7853,9
7854,1
7855,1
7856,9
7857,1
7858,1
7859,9
7860,1
7861,9
7862,1
7863,1
7864,1
7865,1
7866,9
7867,1
7868,1
7869,1
7870,1
7871,1
7872,1
7873,1
7874,1
7875,1
7876,9
7877,1
7878,1
7879,1
7880,1
7881,1
7882,1
7883,1
7884,1
7885,1
7886,1
7887,1
7888,1
7889,1
7890,1
7891,3
7892,9
7893,1
7894,1
7895,1
7896,1
7897,1
7898,1
7899,9
7900,1
7901,1
7902,1
7903,1
7904,1
7905,1
7906,1
7907,1
7908,1
7909,1
7910,0
7911,1
7912,9
7913,1
7914,1
7915,1
7916,1
7917,1
7918,1
7919,1
7920,9
7921,9
7922,9
7923,1
7924,9
7925,1
7926,9
7927,8
7928,1
7929,9
7930,2
7931,9
7932,1
7933,1
7934,1
7935,1
7936,1
7937,1
7938,7
7939,1
7940,1
7941,1
7942,8
7943,1
7944,1
7945,1
7946,1
7947,1
7948,3
7949,1
7950,1
7951,1
7952,9
7953,1
7954,1
7955,9
7956,1
7957,1
7958,9
7959,1
7960,1
7961,8
7962,1
7963,1
7964,1
7965,1
7966,1
7967,9
7968,1
7969,1
7970,9
7971,2
7972,1
7973,1
7974,1
7975,9
7976,1
7977,1
7978,1
7979,1
7980,9
7981,9
7982,9
7983,1
7984,1
7985,1
7986,1
7987,1
7988,1
7989,8
7990,1
7991,1
7992,1
7993,9
7994,9
7995,9
7996,9
7997,1
7998,1
7999,1
8000,7
8001,7
8002,7
8003,7
8004,7
8005,4
8006,7
8007,4
8008,7
8009,5
8010,7
8011,7
8012,7
8013,7
8014,3
8015,7
8016,7
8017,4
8018,7
8019,7
8020,5
8021,2
8022,7
8023,7
8024,7
8025,7
8026,7
8027,7
8028,7
8029,7
8030,2
8031,7
8032,7
8033,3
8034,7
8035,7
8036,7
8037,7
8038,7
8039,7
8040,7
8041,7
8042,7
8043,7
8044,4
8045,7
8046,7
8047,7
8048,7
8049,7
8050,7
8051,7
8052,7
8053,7
8054,7
8055,7
8056,7
8057,7
8058,7
8059,4
8060,7
8061,8
8062,7
8063,7
8064,7
8065,7
8066,7
8067,4
8068,0
8069,7
8070,7
8071,7
8072,7
8073,7
8074,7
8075,2
8076,7
8077,3
8078,7
8079,7
8080,7
8081,7
8082,7
8083,7
8084,7
8085,7
8086,7
8087,7
8088,7
8089,7
8090,7
8091,5
8092,7
8093,7
8094,7
8095,7
8096,4
8097,5
8098,7
8099,7
8100,2
8101,2
8102,7
8103,7
8104,3
8105,7
8106,7
8107,7
8108,7
8109,7
8110,5
8111,3
8112,7
8113,7
8114,3
8115,7
8116,7
8117,5
8118,3
8119,3
8120,7
8121,7
8122,5
8123,3
8124,7
8125,7
8126,7
8127,7
8128,7
8129,3
8130,7
8131,7
8132,7
8133,7
8134,7
8135,7
8136,7
8137,5
8138,7
8139,7
8140,7
8141,7
8142,7
8143,7
8144,2
8145,7
8146,7
8147,7
8148,7
8149,7
8150,7
8151,7
8152,9
8153,7
8154,7
8155,7
8156,2
8157,5
8158,7
8159,7
8160,0
8161,7
8162,7
8163,7
8164,7
8165,4
8166,9
8167,7
8168,8
8169,7
8170,2
8171,7
8172,7
8173,7
8174,7
8175,7
8176,7
8177,7
8178,7
8179,7
8180,5
8181,7
8182,7
8183,7
8184,7
8185,7
8186,6
8187,7
8188,7
8189,7
8190,7
8191,7
8192,7
8193,7
8194,7
8195,7
8196,7
8197,7
8198,7
8199,7
8200,7
8201,7
8202,7
8203,7
8204,7
8205,7
8206,7
8207,7
8208,7
8209,2
8210,7
8211,7
8212,4
8213,7
8214,7
8215,7
8216,7
8217,7
8218,7
8219,7
8220,5
8221,7
8222,9
8223,7
8224,7
8225,7
8226,7
8227,7
8228,7
8229,4
8230,7
8231,7
8232,7
8233,7
8234,7
8235,7
8236,3
8237,5
8238,7
8239,7
8240,7
8241,2
8242,7
8243,7
8244,9
8245,7
8246,7
8247,2
8248,5
8249,7
8250,7
8251,7
8252,7
8253,7
8254,7
8255,7
8256,7
8257,7
8258,7
8259,7
8260,4
8261,7
8262,7
8263,7
8264,7
8265,7
8266,7
8267,7
8268,7
8269,7
8270,7
8271,2
8272,9
8273,7
8274,7
8275,7
8276,7
8277,7
8278,4
8279,7
8280,7
8281,7
8282,7
8283,7
8284,7
8285,3
8286,7
8287,7
8288,7
8289,7
8290,5
8291,7
8292,7
8293,7
8294,3
8295,7
8296,7
8297,3
8298,7
8299,3
8300,7
8301,5
8302,5
8303,7
8304,7
8305,7
8306,7
8307,7
8308,2
8309,7
8310,7
8311,7
8312,7
8313,9
8314,5
8315,7
8316,7
8317,9
8318,7
8319,7
8320,7
8321,7
8322,4
8323,7
8324,7
8325,4
8326,7
8327,7
8328,5
8329,7
8330,7
8331,9
8332,7
8333,8
8334,5
8335,5
8336,4
8337,7
8338,7
8339,7
8340,7
8341,7
8342,7
8343,7
8344,7
8345,7
8346,7
8347,7
8348,7
8349,7
8350,7
8351,7
8352,7
8353,7
8354,7
8355,7
8356,7
8357,7
8358,7
8359,7
8360,7
8361,7
8362,0
8363,7
8364,4
8365,7
8366,7
8367,7
8368,7
8369,7
8370,7
8371,7
8372,7
8373,7
8374,7
8375,3
8376,7
8377,7
8378,7
8379,7
8380,7
8381,4
8382,7
8383,7
8384,3
8385,7
8386,7
8387,7
8388,7
8389,4
8390,4
8391,7
8392,4
8393,5
8394,7
8395,7
8396,7
8397,7
8398,7
8399,7
8400,7
8401,7
8402,5
8403,7
8404,7
8405,7
8406,7
8407,4
8408,7
8409,7
8410,7
8411,7
8412,7
8413,7
8414,7
8415,7
8416,4
8417,7
8418,9
8419,7
8420,7
8421,4
8422,7
8423,7
8424,7
8425,7
8426,7
8427,4
8428,7
8429,1
8430,7
8431,7
8432,7
8433,7
8434,7
8435,3
8436,7
8437,7
8438,7
8439,4
8440,7
8441,4
8442,1
8443,7
8444,7
8445,7
8446,2
8447,7
8448,7
8449,5
8450,7
8451,2
8452,7
8453,7
8454,7
8455,3
8456,7
8457,7
8458,7
8459,7
8460,2
8461,7
8462,7
8463,7
8464,7
8465,7
8466,7
8467,7
8468,7
8469,7
8470,7
8471,9
8472,7
8473,7
8474,7
8475,7
8476,7
8477,7
8478,7
8479,7
8480,7
8481,7
8482,2
8483,7
8484,7
8485,7
8486,7
8487,7
8488,5
8489,5
8490,7
8491,7
8492,7
8493,7
8494,7
8495,7
8496,7
8497,7
8498,7
8499,7
8500,7
8501,7
8502,7
8503,7
8504,7
8505,4
8506,7
8507,4
8508,7
8509,7
8510,7
8511,7
8512,7
8513,3
8514,7
8515,5
8516,7
8517,7
8518,7
8519,7
8520,7
8521,7
8522,7
8523,7
8524,7
8525,7
8526,7
8527,4
8528,7
8529,7
8530,7
8531,7
8532,7
8533,7
8534,2
8535,7
8536,7
8537,4
8538,7
8539,7
8540,7
8541,7
8542,7
8543,7
8544,5
8545,7
8546,7
8547,7
8548,7
8549,7
8550,7
8551,4
8552,7
8553,7
8554,7
8555,7
8556,5
8557,3
8558,7
8559,4
8560,7
8561,7
8562,5
8563,0
8564,7
8565,4
8566,7
8567,7
8568,7
8569,2
8570,7
8571,7
8572,7
8573,7
8574,7
8575,7
8576,7
8577,7
8578,7
8579,7
8580,7
8581,7
8582,7
8583,7
8584,7
8585,5
8586,3
8587,7
8588,7
8589,7
8590,7
8591,7
8592,7
8593,7
8594,6
8595,7
8596,5
8597,7
8598,7
8599,7
8600,5
8601,7
8602,7
8603,7
8604,0
8605,7
8606,7
8607,7
8608,7
8609,7
8610,7
8611,7
8612,7
8613,7
8614,7
8615,7
8616,7
8617,7
8618,5
8619,3
8620,7
8621,7
8622,7
8623,7
8624,7
8625,7
8626,4
8627,7
8628,4
8629,7
8630,7
8631,7
8632,7
8633,7
8634,7
8635,7
8636,4
8637,7
8638,7
8639,7
8640,7
8641,7
8642,7
8643,2
8644,7
8645,7
8646,7
8647,7
8648,7
8649,7
8650,7
8651,4
8652,7
8653,7
8654,2
8655,7
8656,7
8657,7
8658,3
8659,7
8660,7
8661,3
8662,7
8663,7
8664,7
8665,2
8666,7
8667,7
8668,7
8669,7
8670,7
8671,7
8672,4
8673,0
8674,7
8675,7
8676,0
8677,7
8678,7
8679,9
8680,7
8681,9
8682,5
8683,7
8684,7
8685,7
8686,7
8687,7
8688,7
8689,5
8690,7
8691,7
8692,5
8693,7
8694,7
8695,7
8696,7
8697,7
8698,7
8699,7
8700,3
8701,7
8702,7
8703,7
8704,7
8705,7
8706,7
8707,7
8708,7
8709,7
8710,7
8711,7
8712,7
8713,7
8714,7
8715,7
8716,7
8717,3
8718,5
8719,7
8720,5
8721,7
8722,7
8723,3
8724,5
8725,7
8726,7
8727,7
8728,7
8729,7
8730,7
8731,5
8732,7
8733,7
8734,7
8735,4
8736,7
8737,7
8738,7
8739,7
8740,7
8741,7
8742,7
8743,7
8744,9
8745,7
8746,7
8747,7
8748,7
8749,9
8750,0
8751,7
8752,7
8753,7
8754,7
8755,4
8756,7
8757,7
8758,7
8759,7
8760,7
8761,7
8762,7
8763,7
8764,7
8765,7
8766,7
8767,7
8768,7
8769,7
8770,7
8771,7
8772,7
8773,7
8774,7
8775,2
8776,7
8777,3
8778,7
8779,7
8780,7
8781,7
8782,7
8783,5
8784,7
8785,7
8786,7
8787,7
8788,7
8789,7
8790,7
8791,7
8792,4
8793,7
8794,7
8795,7
8796,7
8797,7
8798,7
8799,7
8800,7
8801,7
8802,4
8803,7
8804,7
8805,7
8806,7
8807,7
8808,7
8809,9
8810,7
8811,7
8812,7
8813,7
8814,3
8815,7
8816,5
8817,7
8818,7
8819,0
8820,7
8821,6
8822,7
8823,7
8824,7
8825,0
8826,7
8827,7
8828,8
8829,8
8830,7
8831,7
8832,7
8833,2
8834,7
8835,7
8836,7
8837,7
8838,7
8839,3
8840,7
8841,7
8842,7
8843,7
8844,7
8845,7
8846,7
8847,7
8848,7
8849,7
8850,7
8851,5
8852,7
8853,7
8854,7
8855,7
8856,7
8857,2
8858,4
8859,7
8860,7
8861,7
8862,7
8863,3
8864,7
8865,7
8866,7
8867,7
8868,7
8869,7
8870,1
8871,7
8872,4
8873,7
8874,7
8875,7
8876,5
8877,7
8878,2
8879,7
8880,7
8881,7
8882,7
8883,7
8884,7
8885,0
8886,7
8887,7
8888,7
8889,4
8890,7
8891,5
8892,7
8893,4
8894,7
8895,7
8896,7
8897,7
8898,7
8899,7
8900,3
8901,7
8902,7
8903,7
8904,7
8905,7
8906,5
8907,7
8908,7
8909,5
8910,7
8911,7
8912,7
8913,3
8914,7
8915,7
8916,7
8917,7
8918,7
8919,3
8920,7
8921,7
8922,7
8923,5
8924,7
8925,5
8926,7
8927,7
8928,7
8929,3
8930,7
8931,7
8932,7
8933,7
8934,7
8935,7
8936,4
8937,7
8938,7
8939,7
8940,7
8941,7
8942,7
8943,7
8944,7
8945,7
8946,2
8947,4
8948,7
8949,4
8950,7
8951,7
8952,3
8953,7
8954,4
8955,7
8956,7
8957,7
8958,7
8959,2
8960,8
8961,7
8962,7
8963,0
8964,7
8965,5
8966,7
8967,7
8968,7
8969,7
8970,3
8971,7
8972,7
8973,7
8974,5
8975,7
8976,7
8977,7
8978,3
8979,7
8980,7
8981,7
8982,7
8983,0
8984,7
8985,7
8986,7
8987,7
8988,7
8989,7
8990,7
8991,7
8992,7
8993,7
8994,7
8995,7
8996,7
8997,7
8998,7
8999,7
9000,5
9001,5
9002,5
9003,5
9004,5
9005,7
9006,5
9007,5
9008,5
9009,5
9010,9
9011,5
9012,5
9013,3
9014,5
9015,9
9016,0
9017,5
9018,3
9019,6
9020,0
9021,7
9022,5
9023,3
9024,5
9025,5
9026,5
9027,5
9028,6
9029,5
9030,5
9031,3
9032,3
9033,5
9034,5
9035,5
9036,5
9037,7
9038,5
9039,5
9040,5
9041,5
9042,5
9043,5
9044,5
9045,2
9046,5
9047,5
9048,5
9049,5
9050,3
9051,5
9052,7
9053,5
9054,5
9055,5
9056,5
9057,5
9058,5
9059,5
9060,5
9061,4
9062,3
9063,5
9064,2
9065,5
9066,5
9067,5
9068,5
9069,5
9070,5
9071,5
9072,5
9073,5
9074,5
9075,5
9076,5
9077,3
9078,5
9079,5
9080,5
9081,5
9082,5
9083,5
9084,5
9085,2
9086,3
9087,5
9088,5
9089,5
9090,5
9091,5
9092,5
9093,5
9094,5
9095,5
9096,5
9097,5
9098,5
9099,5
9100,5
9101,5
9102,5
9103,5
9104,5
9105,5
9106,5
9107,5
9108,3
9109,5
9110,5
9111,7
9112,5
9113,5
9114,5
9115,2
9116,5
9117,5
9118,5
9119,5
9120,5
9121,5
9122,5
9123,5
9124,3
9125,5
9126,5
9127,5
9128,5
9129,5
9130,5
9131,5
9132,5
9133,5
9134,3
9135,5
9136,5
9137,5
9138,4
9139,5
9140,5
9141,3
9142,3
9143,5
9144,5
9145,3
9146,3
9147,5
9148,5
9149,5
9150,5
9151,3
9152,6
9153,5
9154,3
9155,5
9156,3
9157,3
9158,5
9159,5
9160,5
9161,5
9162,5
9163,5
9164,5
9165,5
9166,5
9167,5
9168,5
9169,3
9170,5
9171,3
9172,5
9173,3
9174,5
9175,5
9176,0
9177,5
9178,3
9179,9
9180,2
9181,5
9182,5
9183,5
9184,3
9185,5
9186,5
9187,5
9188,5
9189,2
9190,5
9191,5
9192,5
9193,5
9194,5
9195,5
9196,5
9197,5
9198,5
9199,6
9200,5
9201,5
9202,3
9203,5
9204,5
9205,3
9206,4
9207,5
9208,3
9209,5
9210,5
9211,8
9212,3
9213,5
9214,7
9215,3
9216,5
9217,5
9218,5
9219,5
9220,3
9221,3
9222,5
9223,5
9224,5
9225,5
9226,5
9227,5
9228,5
9229,5
9230,5
9231,5
9232,5
9233,2
9234,8
9235,5
9236,5
9237,9
9238,5
9239,5
9240,7
9241,5
9242,5
9243,5
9244,5
9245,5
9246,8
9247,3
9248,5
9249,5
9250,3
9251,5
9252,3
9253,8
9254,5
9255,3
9256,5
9257,5
9258,5
9259,5
9260,5
9261,3
9262,5
9263,5
9264,5
9265,2
9266,5
9267,5
9268,5
9269,5
9270,0
9271,5
9272,5
9273,5
9274,5
9275,5
9276,2
9277,5
9278,0
9279,5
9280,3
9281,5
9282,5
9283,4
9284,5
9285,5
9286,9
9287,3
9288,5
9289,6
9290,5
9291,5
9292,5
9293,4
9294,5
9295,5
9296,7
9297,5
9298,5
9299,5
9300,5
9301,7
9302,5
9303,9
9304,5
9305,5
9306,5
9307,5
9308,5
9309,2
9310,3
9311,5
9312,3
9313,5
9314,5
9315,5
9316,2
9317,5
9318,5
9319,5
9320,3
9321,5
9322,5
9323,5
9324,5
9325,5
9326,5
9327,0
9328,5
9329,5
9330,5
9331,3
9332,2
9333,5
9334,2
9335,5
9336,5
9337,5
9338,5
9339,5
9340,5
9341,5
9342,5
9343,5
9344,2
9345,5
9346,5
9347,5
9348,7
9349,4
9350,8
9351,7
9352,5
9353,5
9354,5
9355,5
9356,5
9357,5
9358,4
9359,5
9360,5
9361,5
9362,5
9363,3
9364,5
9365,5
9366,5
9367,5
9368,5
9369,5
9370,5
9371,5
9372,5
9373,5
9374,5
9375,5
9376,5
9377,5
9378,5
9379,7
9380,2
9381,5
9382,5
9383,7
9384,2
9385,5
9386,5
9387,5
9388,5
9389,3
9390,5
9391,5
9392,3
9393,5
9394,9
9395,5
9396,3
9397,5
9398,5
9399,2
9400,5
9401,5
9402,1
9403,5
9404,5
9405,0
9406,5
9407,5
9408,5
9409,5
9410,5
9411,5
9412,5
9413,8
9414,4
9415,7
9416,5
9417,5
9418,5
9419,5
9420,5
9421,5
9422,5
9423,5
9424,5
9425,2
9426,5
9427,3
9428,2
9429,8
9430,5
9431,4
9432,5
9433,5
9434,5
9435,5
9436,3
9437,5
9438,2
9439,5
9440,5
9441,5
9442,4
9443,5
9444,3
9445,5
9446,3
9447,5
9448,5
9449,5
9450,5
9451,5
9452,3
9453,5
9454,5
9455,5
9456,3
9457,5
9458,5
9459,6
9460,5
9461,5
9462,5
9463,5
9464,3
9465,5
9466,5
9467,5
9468,5
9469,5
9470,5
9471,5
9472,5
9473,0
9474,5
9475,4
9476,5
9477,5
9478,2
9479,5
9480,5
9481,5
9482,3
9483,3
9484,5
9485,5
9486,5
9487,7
9488,5
9489,5
9490,5
9491,7
9492,7
9493,5
9494,3
9495,2
9496,7
9497,5
9498,5
9499,5
9500,5
9501,5
9502,3
9503,5
9504,3
9505,5
9506,5
9507,3
9508,5
9509,5
9510,5
9511,5
9512,5
9513,8
9514,5
9515,5
9516,5
9517,5
9518,5
9519,5
9520,5
9521,5
9522,2
9523,5
9524,5
9525,5
9526,4
9527,5
9528,5
9529,5
9530,5
9531,8
9532,3
9533,5
9534,5
9535,5
9536,5
9537,5
9538,5
9539,5
9540,5
9541,5
9542,3
9543,5
9544,5
9545,5
9546,9
9547,3
9548,5
9549,5
9550,9
9551,5
9552,5
9553,5
9554,2
9555,5
9556,5
9557,4
9558,3
9559,5
9560,9
9561,5
9562,5
9563,5
9564,5
9565,7
9566,5
9567,3
9568,2
9569,5
9570,3
9571,4
9572,2
9573,5
9574,5
9575,5
9576,5
9577,6
9578,2
9579,5
9580,5
9581,5
9582,9
9583,5
9584,3
9585,7
9586,2
9587,3
9588,5
9589,3
9590,5
9591,5
9592,5
9593,5
9594,5
9595,5
9596,3
9597,5
9598,5
9599,5
9600,5
9601,3
9602,6
9603,5
9604,3
9605,5
9606,3
9607,5
9608,5
9609,5
9610,5
9611,5
9612,5
9613,5
9614,5
9615,5
9616,5
9617,5
9618,5
9619,3
9620,5
9621,5
9622,5
9623,5
9624,7
9625,3
9626,3
9627,5
9628,3
9629,8
9630,7
9631,5
9632,5
9633,5
9634,5
9635,5
9636,5
9637,5
9638,5
9639,3
9640,5
9641,4
9642,5
9643,5
9644,5
9645,7
9646,3
9647,5
9648,7
9649,5
9650,2
9651,5
9652,5
9653,5
9654,3
9655,2
9656,5
9657,5
9658,5
9659,3
9660,5
9661,7
9662,5
9663,3
9664,5
9665,5
9666,3
9667,5
9668,8
9669,5
9670,5
9671,3
9672,5
9673,5
9674,5
9675,5
9676,5
9677,5
9678,5
9679,5
9680,5
9681,5
9682,5
9683,5
9684,5
9685,5
9686,5
9687,5
9688,7
9689,5
9690,5
9691,7
9692,3
9693,7
9694,5
9695,2
9696,5
9697,5
9698,5
9699,7
9700,5
9701,5
9702,7
9703,5
9704,5
9705,5
9706,5
9707,5
9708,3
9709,5
9710,5
9711,5
9712,5
9713,5
9714,5
9715,5
9716,5
9717,5
9718,5
9719,7
9720,2
9721,0
9722,5
9723,4
9724,5
9725,5
9726,5
9727,5
9728,5
9729,7
9730,5
9731,5
9732,5
9733,5
9734,5
9735,5
9736,5
9737,5
9738,2
9739,5
9740,5
9741,3
9742,0
9743,5
9744,5
9745,5
9746,8
9747,7
9748,5
9749,5
9750,5
9751,5
9752,5
9753,5
9754,5
9755,5
9756,5
9757,5
9758,5
9759,5
9760,5
9761,5
9762,5
9763,5
9764,1
9765,9
9766,5
9767,5
9768,5
9769,5
9770,5
9771,5
9772,5
9773,5
9774,5
9775,3
9776,5
9777,5
9778,0
9779,3
9780,3
9781,5
9782,5
9783,5
9784,5
9785,5
9786,0
9787,5
9788,5
9789,5
9790,5
9791,5
9792,5
9793,5
9794,5
9795,0
9796,5
9797,5
9798,5
9799,5
9800,0
9801,5
9802,5
9803,2
9804,2
9805,5
9806,5
9807,5
9808,8
9809,5
9810,5
9811,4
9812,5
9813,5
9814,4
9815,3
9816,5
9817,5
9818,5
9819,3
9820,3
9821,5
9822,5
9823,4
9824,5
9825,5
9826,5
9827,3
9828,4
9829,3
9830,5
9831,3
9832,5
9833,5
9834,5
9835,5
9836,3
9837,5
9838,5
9839,5
9840,5
9841,5
9842,5
9843,5
9844,4
9845,5
9846,5
9847,5
9848,2
9849,5
9850,5
9851,5
9852,5
9853,2
9854,5
9855,5
9856,5
9857,5
9858,7
9859,5
9860,3
9861,5
9862,3
9863,5
9864,5
9865,5
9866,3
9867,5
9868,2
9869,5
9870,2
9871,5
9872,4
9873,7
9874,5
9875,5
9876,5
9877,5
9878,5
9879,5
9880,5
9881,5
9882,2
9883,5
9884,5
9885,8
9886,5
9887,7
9888,5
9889,7
9890,5
9891,3
9892,5
9893,3
9894,5
9895,5
9896,5
9897,5
9898,5
9899,0
9900,0
9901,3
9902,5
9903,5
9904,5
9905,5
9906,7
9907,5
9908,5
9909,5
9910,5
9911,5
9912,5
9913,3
9914,5
9915,2
9916,3
9917,5
9918,3
9919,5
9920,5
9921,5
9922,5
9923,5
9924,7
9925,3
9926,3
9927,5
9928,5
9929,5
9930,4
9931,5
9932,5
9933,3
9934,5
9935,3
9936,5
9937,5
9938,4
9939,5
9940,5
9941,5
9942,5
9943,5
9944,5
9945,5
9946,5
9947,5
9948,5
9949,5
9950,5
9951,5
9952,5
9953,5
9954,5
9955,5
9956,5
9957,5
9958,3
9959,5
9960,7
9961,3
9962,5
9963,5
9964,5
9965,5
9966,3
9967,5
9968,5
9969,5
9970,5
9971,5
9972,5
9973,3
9974,9
9975,5
9976,2
9977,5
9978,0
9979,5
9980,3
9981,5
9982,5
9983,5
9984,5
9985,7
9986,5
9987,5
9988,3
9989,5
9990,5
9991,5
9992,5
9993,5
9994,5
9995,5
9996,5
9997,2
9998,5
9999,8
